,Global_start,PRON,ADP,ADV,CCONJ,ADJ,DET,NOUN,VERB,INTJ,SCONJ,AUX,PUNCT,PROPN,NUM,X,SYM,PART
0,0.0,0,0,0,0,0,0,0,0,0,0,0,0,0,0,0,0,0
32809,1.37,0,0,0,0,0,0,0,0,0,0,0,0,1,0,0,0,0
32808,4.03,0,0,0,0,0,0,0,0,0,0,0,0,1,0,0,0,0
32807,7.57,1,0,0,0,0,0,0,0,0,0,0,0,0,0,0,0,0
33161,7.6,0,0,0,0,0,0,0,1,0,0,0,0,0,0,0,0,0
32806,7.76,0,0,1,0,0,0,0,0,0,0,0,0,0,0,0,0,0
18912,8.2,0,0,0,0,0,0,0,0,0,0,0,0,1,0,0,0,0
18911,9.61,0,0,0,0,0,0,0,0,0,0,0,0,1,0,0,0,0
34872,10.03,0,0,0,0,0,0,0,0,0,0,1,0,0,0,0,0,0
18910,10.22,0,0,1,0,0,0,0,0,0,0,0,0,0,0,0,0,0
18909,10.31,0,0,0,0,1,0,0,0,0,0,0,0,0,0,0,0,0
18908,10.53,0,1,0,0,0,0,0,0,0,0,0,0,0,0,0,0,0
18907,11.35,1,0,0,0,0,0,0,0,0,0,0,0,0,0,0,0,0
18906,12.75,0,0,1,0,0,0,0,0,0,0,0,0,0,0,0,0,0
18905,16.36,0,0,0,0,0,0,0,0,0,0,0,0,1,0,0,0,0
18904,17.14,0,0,1,0,0,0,0,0,0,0,0,0,0,0,0,0,0
18903,17.58,0,0,0,0,0,0,0,0,0,0,0,0,0,0,1,0,0
18902,17.759999999999998,1,0,0,0,0,0,0,0,0,0,0,0,0,0,0,0,0
18901,17.89,0,0,0,0,0,0,0,1,0,0,0,0,0,0,0,0,0
18900,18.0,0,0,0,0,0,0,0,1,0,0,0,0,0,0,0,0,0
18899,18.4,0,0,0,0,0,1,0,0,0,0,0,0,0,0,0,0,0
18898,18.47,0,0,0,0,0,0,1,0,0,0,0,0,0,0,0,0,0
18897,18.8,1,0,0,0,0,0,0,0,0,0,0,0,0,0,0,0,0
18896,18.84,0,0,0,0,0,0,0,1,0,0,0,0,0,0,0,0,0
34873,18.99,0,0,0,0,0,0,0,1,0,0,0,0,0,0,0,0,0
18895,19.39,0,0,0,0,0,1,0,0,0,0,0,0,0,0,0,0,0
18894,19.53,0,0,0,0,0,0,1,0,0,0,0,0,0,0,0,0,0
18893,19.7,0,1,0,0,0,0,0,0,0,0,0,0,0,0,0,0,0
18892,19.91,0,0,0,0,0,0,1,0,0,0,0,0,0,0,0,0,0
18891,21.29,0,0,1,0,0,0,0,0,0,0,0,0,0,0,0,0,0
34874,21.9,0,0,0,0,0,0,0,0,0,0,1,0,0,0,0,0,0
18890,22.86,0,0,0,0,0,0,0,0,0,1,0,0,0,0,0,0,0
18889,23.85,0,0,0,0,0,0,1,0,0,0,0,0,0,0,0,0,0
18888,24.89,1,0,0,0,0,0,0,0,0,0,0,0,0,0,0,0,0
18887,25.52,0,0,0,0,0,0,0,1,0,0,0,0,0,0,0,0,0
18886,25.72,0,0,0,0,0,0,0,1,0,0,0,0,0,0,0,0,0
18885,25.99,0,1,0,0,0,0,0,0,0,0,0,0,0,0,0,0,0
18884,26.02,0,0,0,0,0,1,0,0,0,0,0,0,0,0,0,0,0
18883,26.21,0,0,0,0,0,0,1,0,0,0,0,0,0,0,0,0,0
18882,28.36,0,0,0,0,0,0,0,0,0,0,0,0,1,0,0,0,0
18881,30.27,1,0,0,0,0,0,0,0,0,0,0,0,0,0,0,0,0
34875,30.38,0,0,0,0,0,0,0,1,0,0,0,0,0,0,0,0,0
18880,36.0,0,0,1,0,0,0,0,0,0,0,0,0,0,0,0,0,0
12425,37.22,0,0,1,0,0,0,0,0,0,0,0,0,0,0,0,0,0
12424,37.28,1,0,0,0,0,0,0,0,0,0,0,0,0,0,0,0,0
12423,37.33,0,0,0,0,0,0,0,1,0,0,0,0,0,0,0,0,0
12422,37.49,0,0,1,0,0,0,0,0,0,0,0,0,0,0,0,0,0
12421,37.63,1,0,0,0,0,0,0,0,0,0,0,0,0,0,0,0,0
12420,37.75,0,0,0,0,0,0,0,1,0,0,0,0,0,0,0,0,0
12419,37.9,0,0,0,0,0,1,0,0,0,0,0,0,0,0,0,0,0
12418,38.03,0,0,0,0,0,0,1,0,0,0,0,0,0,0,0,0,0
12417,38.38,0,0,0,1,0,0,0,0,0,0,0,0,0,0,0,0,0
12416,38.59,1,0,0,0,0,0,0,0,0,0,0,0,0,0,0,0,0
12415,38.7,0,0,0,0,0,0,0,1,0,0,0,0,0,0,0,0,0
12414,38.79,1,0,0,0,0,0,0,0,0,0,0,0,0,0,0,0,0
12413,38.91,0,0,0,0,0,0,0,1,0,0,0,0,0,0,0,0,0
12412,39.21,0,0,0,0,0,1,0,0,0,0,0,0,0,0,0,0,0
12411,39.37,0,0,0,0,0,0,1,0,0,0,0,0,0,0,0,0,0
12410,39.81,0,1,0,0,0,0,0,0,0,0,0,0,0,0,0,0,0
12409,40.04,0,0,0,0,0,0,0,1,0,0,0,0,0,0,0,0,0
12408,40.54,0,0,0,0,0,1,0,0,0,0,0,0,0,0,0,0,0
12407,40.86,0,0,0,0,0,0,1,0,0,0,0,0,0,0,0,0,0
35599,42.19,0,0,0,0,0,0,0,1,0,0,0,0,0,0,0,0,0
10740,44.11,0,0,0,0,0,0,1,0,0,0,0,0,0,0,0,0,0
10739,45.91,0,0,0,0,0,0,1,0,0,0,0,0,0,0,0,0,0
36046,49.73,0,0,0,0,0,0,0,0,0,0,1,0,0,0,0,0,0
9305,50.46,0,0,0,0,0,0,0,1,0,0,0,0,0,0,0,0,0
7098,52.0,0,1,0,0,0,0,0,0,0,0,0,0,0,0,0,0,0
7097,52.07,0,0,0,0,0,0,1,0,0,0,0,0,0,0,0,0,0
7096,53.315,1,0,0,0,0,0,0,0,0,0,0,0,0,0,0,0,0
7095,53.51,0,0,0,0,0,0,0,1,0,0,0,0,0,0,0,0,0
7094,53.67,0,0,0,0,0,0,0,0,0,1,0,0,0,0,0,0,0
36299,53.8,0,0,0,0,0,0,0,1,0,0,0,0,0,0,0,0,0
7093,53.91,0,0,1,0,0,0,0,0,0,0,0,0,0,0,0,0,0
7092,54.06,0,0,0,0,0,1,0,0,0,0,0,0,0,0,0,0,0
7091,54.09,0,0,0,0,0,0,1,0,0,0,0,0,0,0,0,0,0
7090,54.27,0,1,0,0,0,0,0,0,0,0,0,0,0,0,0,0,0
7089,54.31,0,0,0,0,0,0,0,1,0,0,0,0,0,0,0,0,0
7088,57.74,0,0,0,1,0,0,0,0,0,0,0,0,0,0,0,0,0
7087,58.92,1,0,0,0,0,0,0,0,0,0,0,0,0,0,0,0,0
7086,60.06,0,0,0,0,0,0,0,1,0,0,0,0,0,0,0,0,0
7085,60.22,0,0,0,0,0,0,0,1,0,0,0,0,0,0,0,0,0
7084,60.59,0,1,0,0,0,0,0,0,0,0,0,0,0,0,0,0,0
7083,60.64,1,0,0,0,0,0,0,0,0,0,0,0,0,0,0,0,0
7082,60.73,0,0,0,0,0,0,0,1,0,0,0,0,0,0,0,0,0
7081,60.94,0,0,0,0,0,1,0,0,0,0,0,0,0,0,0,0,0
7080,61.09,0,0,0,0,0,0,1,0,0,0,0,0,0,0,0,0,0
7079,61.4,1,0,0,0,0,0,0,0,0,0,0,0,0,0,0,0,0
7078,61.52,1,0,0,0,0,0,0,0,0,0,0,0,0,0,0,0,0
7077,61.69,0,0,0,0,0,0,0,1,0,0,0,0,0,0,0,0,0
7076,61.95,0,0,0,0,0,1,0,0,0,0,0,0,0,0,0,0,0
7075,62.0,0,0,0,0,0,0,1,0,0,0,0,0,0,0,0,0,0
7074,62.22,0,0,1,0,0,0,0,0,0,0,0,0,0,0,0,0,0
7073,62.41,1,0,0,0,0,0,0,0,0,0,0,0,0,0,0,0,0
7072,62.59,0,0,0,0,0,0,0,1,0,0,0,0,0,0,0,0,0
7071,62.69,1,0,0,0,0,0,0,0,0,0,0,0,0,0,0,0,0
7070,63.14,0,0,0,0,0,0,0,1,0,0,0,0,0,0,0,0,0
7069,63.35,1,0,0,0,0,0,0,0,0,0,0,0,0,0,0,0,0
7068,63.47,0,0,0,0,0,0,0,0,0,1,0,0,0,0,0,0,0
7067,63.6,1,0,0,0,0,0,0,0,0,0,0,0,0,0,0,0,0
7066,63.8,0,0,0,0,0,0,0,1,0,0,0,0,0,0,0,0,0
7065,70.75,0,0,1,0,0,0,0,0,0,0,0,0,0,0,0,0,0
5438,74.15,0,0,1,0,0,0,0,0,0,0,0,0,0,0,0,0,0
5437,75.87,1,0,0,0,0,0,0,0,0,0,0,0,0,0,0,0,0
36506,76.02,0,0,0,0,0,0,0,1,0,0,0,0,0,0,0,0,0
5436,76.2,0,0,1,0,0,0,0,0,0,0,0,0,0,0,0,0,0
5435,76.32,0,0,0,0,0,1,0,0,0,0,0,0,0,0,0,0,0
5434,76.42,0,0,0,0,0,0,1,0,0,0,0,0,0,0,0,0,0
5433,76.8,0,1,0,0,0,0,0,0,0,0,0,0,0,0,0,0,0
5432,77.1,0,0,1,0,0,0,0,0,0,0,0,0,0,0,0,0,0
5431,77.49,0,0,1,0,0,0,0,0,0,0,0,0,0,0,0,0,0
5430,77.58,0,1,0,0,0,0,0,0,0,0,0,0,0,0,0,0,0
5429,77.88,0,0,0,0,1,0,0,0,0,0,0,0,0,0,0,0,0
3517,82.17,0,1,0,0,0,0,0,0,0,0,0,0,0,0,0,0,0
3516,82.24,0,0,0,0,0,0,1,0,0,0,0,0,0,0,0,0,0
3515,82.68,0,0,1,0,0,0,0,0,0,0,0,0,0,0,0,0,0
3514,83.02,0,0,1,0,0,0,0,0,0,0,0,0,0,0,0,0,0
3513,83.2,0,1,0,0,0,0,0,0,0,0,0,0,0,0,0,0,0
3512,85.76,1,0,0,0,0,0,0,0,0,0,0,0,0,0,0,0,0
36718,85.93,0,0,0,0,0,0,0,0,0,0,1,0,0,0,0,0,0
3511,86.08,0,0,0,0,1,0,0,0,0,0,0,0,0,0,0,0,0
3510,86.5,0,0,1,0,0,0,0,0,0,0,0,0,0,0,0,0,0
3509,86.54,0,0,1,0,0,0,0,0,0,0,0,0,0,0,0,0,0
36719,86.6,0,0,0,0,0,0,0,0,0,0,1,0,0,0,0,0,0
3508,86.75,0,0,0,0,1,0,0,0,0,0,0,0,0,0,0,0,0
3507,94.92,0,0,1,0,0,0,0,0,0,0,0,0,0,0,0,0,0
1752,95.0,0,1,0,0,0,0,0,0,0,0,0,0,0,0,0,0,0
1751,95.03,1,0,0,0,0,0,0,0,0,0,0,0,0,0,0,0,0
8,98.2,0,0,0,0,0,1,0,0,0,0,0,0,0,0,0,0,0
7,98.25,0,0,0,0,1,0,0,0,0,0,0,0,0,0,0,0,0
6,98.52,0,0,1,0,0,0,0,0,0,0,0,0,0,0,0,0,0
5,98.8,0,0,1,0,0,0,0,0,0,0,0,0,0,0,0,0,0
4,99.08,0,0,0,1,0,0,0,0,0,0,0,0,0,0,0,0,0
3,99.3,0,0,1,0,0,0,0,0,0,0,0,0,0,0,0,0,0
2,99.37,0,0,1,0,0,0,0,0,0,0,0,0,0,0,0,0,0
1,99.7,0,1,0,0,0,0,0,0,0,0,0,0,0,0,0,0,0
0,99.81,1,0,0,0,0,0,0,0,0,0,0,0,0,0,0,0,0
30805,103.38,0,0,1,0,0,0,0,0,0,0,0,0,0,0,0,0,0
30804,103.81,0,0,1,0,0,0,0,0,0,0,0,0,0,0,0,0,0
30803,103.95,0,0,0,0,0,1,0,0,0,0,0,0,0,0,0,0,0
30802,104.09,0,0,0,0,0,0,1,0,0,0,0,0,0,0,0,0,0
29323,114.0,0,0,0,0,0,0,0,0,0,0,0,1,0,0,0,0,0
29322,114.36,0,0,0,0,0,0,0,0,0,1,0,0,0,0,0,0,0
29321,114.61,0,0,0,0,0,1,0,0,0,0,0,0,0,0,0,0,0
29320,114.67,0,0,0,0,1,0,0,0,0,0,0,0,0,0,0,0,0
29319,114.9,0,0,1,0,0,0,0,0,0,0,0,0,0,0,0,0,0
29318,115.38,0,0,0,1,0,0,0,0,0,0,0,0,0,0,0,0,0
29317,115.54,0,0,1,0,0,0,0,0,0,0,0,0,0,0,0,0,0
29316,115.61,0,0,1,0,0,0,0,0,0,0,0,0,0,0,0,0,0
29315,116.26,1,0,0,0,0,0,0,0,0,0,0,0,0,0,0,0,0
29314,116.41,0,0,0,0,0,0,0,1,0,0,0,0,0,0,0,0,0
33666,116.6,0,0,0,0,0,0,0,1,0,0,0,0,0,0,0,0,0
29313,116.93,0,0,0,0,0,1,0,0,0,0,0,0,0,0,0,0,0
29312,116.97,0,0,0,0,1,0,0,0,0,0,0,0,0,0,0,0,0
29311,117.06,0,0,1,0,0,0,0,0,0,0,0,0,0,0,0,0,0
29310,117.14,0,0,0,0,0,0,0,0,0,0,0,0,0,0,1,0,0
33667,117.26,0,0,0,0,0,0,0,0,0,0,1,0,0,0,0,0,0
29309,117.32,0,0,0,0,0,1,0,0,0,0,0,0,0,0,0,0,0
29308,117.44,0,0,1,0,0,0,0,0,0,0,0,0,0,0,0,0,0
29307,117.51,0,0,1,0,0,0,0,0,0,0,0,0,0,0,0,0,0
29306,117.66,0,0,1,0,0,0,0,0,0,0,0,0,0,0,0,0,0
29305,117.79,0,1,0,0,0,0,0,0,0,0,0,0,0,0,0,0,0
29304,117.82,0,0,0,0,0,1,0,0,0,0,0,0,0,0,0,0,0
29303,117.88,0,0,0,0,0,0,1,0,0,0,0,0,0,0,0,0,0
29302,118.29,0,0,1,0,0,0,0,0,0,0,0,0,0,0,0,0,0
33669,119.93,1,0,0,0,0,0,0,0,0,0,0,0,0,0,0,0,0
33668,119.93,0,0,0,0,1,0,0,0,0,0,0,0,0,0,0,0,0
29301,120.29,0,0,0,0,0,1,0,0,0,0,0,0,0,0,0,0,0
29300,120.4,0,0,0,0,1,0,0,0,0,0,0,0,0,0,0,0,0
29299,120.61,0,0,1,0,0,0,0,0,0,0,0,0,0,0,0,0,0
27578,123.26,1,0,0,0,0,0,0,0,0,0,0,0,0,0,0,0,0
33854,125.31,0,0,0,0,0,0,0,1,0,0,0,0,0,0,0,0,0
27577,126.06,0,0,0,0,0,0,0,0,0,0,0,0,0,0,1,0,0
25250,128.77,0,0,0,0,0,0,0,1,0,0,0,0,0,0,0,0,0
34084,129.17,1,0,0,0,0,0,0,0,0,0,0,0,0,0,0,0,0
25249,129.29,1,0,0,0,0,0,0,0,0,0,0,0,0,0,0,0,0
25248,129.35,0,0,0,0,0,0,0,1,0,0,0,0,0,0,0,0,0
25247,129.5,0,0,1,0,0,0,0,0,0,0,0,0,0,0,0,0,0
25246,129.7,0,0,0,0,0,0,0,0,0,0,0,0,1,0,0,0,0
25245,129.81,1,0,0,0,0,0,0,0,0,0,0,0,0,0,0,0,0
25244,129.84,0,0,0,0,1,0,0,0,0,0,0,0,0,0,0,0,0
25243,130.15,1,0,0,0,0,0,0,0,0,0,0,0,0,0,0,0,0
25242,130.21,0,0,0,0,0,0,0,1,0,0,0,0,0,0,0,0,0
25241,130.31,0,0,0,0,0,0,0,1,0,0,0,0,0,0,0,0,0
25240,130.48,0,0,0,0,0,1,0,0,0,0,0,0,0,0,0,0,0
25239,130.6,0,0,0,0,0,0,1,0,0,0,0,0,0,0,0,0,0
25238,144.53,0,0,1,0,0,0,0,0,0,0,0,0,0,0,0,0,0
23544,145.0,0,0,0,0,0,0,1,0,0,0,0,0,0,0,0,0,0
23543,145.06,0,1,0,0,0,0,0,0,0,0,0,0,0,0,0,0,0
23542,145.14,0,0,1,0,0,0,0,0,0,0,0,0,0,0,0,0,0
34267,145.85,0,0,0,0,0,0,0,0,0,0,1,0,0,0,0,0,0
23541,146.02,0,0,0,0,1,0,0,0,0,0,0,0,0,0,0,0,0
22197,153.04,0,0,0,1,0,0,0,0,0,0,0,0,0,0,0,0,0
22196,153.51,1,0,0,0,0,0,0,0,0,0,0,0,0,0,0,0,0
34438,154.25,0,0,0,0,0,0,0,0,0,0,1,0,0,0,0,0,0
22195,154.99,0,0,1,0,0,0,0,0,0,0,0,0,0,0,0,0,0
22194,155.36,0,0,0,0,0,0,0,1,0,0,0,0,0,0,0,0,0
22193,155.52,1,0,0,0,0,0,0,0,0,0,0,0,0,0,0,0,0
22192,155.58,0,0,1,0,0,0,0,0,0,0,0,0,0,0,0,0,0
22191,155.77,0,0,0,1,0,0,0,0,0,0,0,0,0,0,0,0,0
34439,155.88,0,0,0,0,0,0,0,0,0,0,1,0,0,0,0,0,0
22190,156.23,0,0,0,0,0,0,0,0,0,1,0,0,0,0,0,0,0
34440,156.26,0,0,0,0,0,0,0,0,0,0,1,0,0,0,0,0,0
22189,157.71,0,0,0,0,0,0,0,1,0,0,0,0,0,0,0,0,0
21278,158.0,0,0,0,0,0,0,0,0,0,0,0,0,1,0,0,0,0
21277,164.22,0,0,0,0,0,0,0,0,0,0,0,0,1,0,0,0,0
20451,165.08,0,0,1,0,0,0,0,0,0,0,0,0,0,0,0,0,0
20450,165.24,0,0,0,0,1,0,0,0,0,0,0,0,0,0,0,0,0
20449,165.84,0,0,0,0,0,1,0,0,0,0,0,0,0,0,0,0,0
20448,166.07,0,0,0,0,0,0,1,0,0,0,0,0,0,0,0,0,0
20447,166.47,0,1,0,0,0,0,0,0,0,0,0,0,0,0,0,0,0
20446,166.59,0,0,0,0,0,1,0,0,0,0,0,0,0,0,0,0,0
20445,166.71,0,0,0,0,0,0,1,0,0,0,0,0,0,0,0,0,0
20444,167.72,1,0,0,0,0,0,0,0,0,0,0,0,0,0,0,0,0
20443,167.94,0,0,0,0,0,0,0,1,0,0,0,0,0,0,0,0,0
20442,168.47,0,0,0,1,0,0,0,0,0,0,0,0,0,0,0,0,0
34671,168.97,0,0,0,0,0,0,0,0,0,0,1,0,0,0,0,0,0
20441,169.17,0,0,1,0,0,0,0,0,0,0,0,0,0,0,0,0,0
20440,169.61,0,0,1,0,0,0,0,0,0,0,0,0,0,0,0,0,0
20439,170.54,0,1,0,0,0,0,0,0,0,0,0,0,0,0,0,0,0
20438,172.33,0,0,0,0,0,1,0,0,0,0,0,0,0,0,0,0,0
20437,172.74,0,0,0,0,0,0,1,0,0,0,0,0,0,0,0,0,0
19747,173.07,0,0,1,0,0,0,0,0,0,0,0,0,0,0,0,0,0
19746,173.26,0,0,1,0,0,0,0,0,0,0,0,0,0,0,0,0,0
19745,173.35,0,0,0,0,0,1,0,0,0,0,0,0,0,0,0,0,0
19744,173.4,0,0,0,0,0,0,1,0,0,0,0,0,0,0,0,0,0
19743,173.81,0,1,0,0,0,0,0,0,0,0,0,0,0,0,0,0,0
19742,173.84,0,0,0,0,0,0,1,0,0,0,0,0,0,0,0,0,0
34770,174.18,0,0,0,0,0,0,0,0,0,0,1,0,0,0,0,0,0
19741,176.99,0,0,0,0,0,1,0,0,0,0,0,0,0,0,0,0,0
19740,180.56,0,0,0,0,0,0,1,0,0,0,0,0,0,0,0,0,0
19136,181.46,0,0,1,0,0,0,0,0,0,0,0,0,0,0,0,0,0
19135,181.56,0,0,1,0,0,0,0,0,0,0,0,0,0,0,0,0,0
19134,181.72,0,0,0,0,0,1,0,0,0,0,0,0,0,0,0,0,0
19133,181.81,0,0,0,0,0,0,1,0,0,0,0,0,0,0,0,0,0
19132,182.83,0,0,0,0,0,1,0,0,0,0,0,0,0,0,0,0,0
19131,182.98,0,0,0,0,0,0,1,0,0,0,0,0,0,0,0,0,0
19130,183.43,0,0,0,1,0,0,0,0,0,0,0,0,0,0,0,0,0
19129,183.57,0,0,1,0,0,0,0,0,0,0,0,0,0,0,0,0,0
19128,183.72,0,0,0,0,0,1,0,0,0,0,0,0,0,0,0,0,0
19127,183.8,0,0,0,0,0,0,1,0,0,0,0,0,0,0,0,0,0
18218,188.11,0,0,1,0,0,0,0,0,0,0,0,0,0,0,0,0,0
17464,199.2,0,0,0,0,0,0,0,0,0,0,0,0,1,0,0,0,0
17463,199.34,1,0,0,0,0,0,0,0,0,0,0,0,0,0,0,0,0
17462,199.49,0,0,0,0,0,0,1,0,0,0,0,0,0,0,0,0,0
17461,199.65,0,1,0,0,0,0,0,0,0,0,0,0,0,0,0,0,0
17460,199.78,0,0,0,0,0,0,1,0,0,0,0,0,0,0,0,0,0
17459,200.15,1,0,0,0,0,0,0,0,0,0,0,0,0,0,0,0,0
17458,200.24,0,0,0,0,0,0,0,1,0,0,0,0,0,0,0,0,0
17457,200.36,0,0,1,0,0,0,0,0,0,0,0,0,0,0,0,0,0
17456,200.49,0,0,0,0,0,0,0,1,0,0,0,0,0,0,0,0,0
17455,200.8,0,1,0,0,0,0,0,0,0,0,0,0,0,0,0,0,0
17454,201.03,1,0,0,0,0,0,0,0,0,0,0,0,0,0,0,0,0
17453,201.72,0,0,0,0,0,1,0,0,0,0,0,0,0,0,0,0,0
17452,201.83,0,0,0,0,0,0,1,0,0,0,0,0,0,0,0,0,0
17451,202.15,1,0,0,0,0,0,0,0,0,0,0,0,0,0,0,0,0
17450,202.27,1,0,0,0,0,0,0,0,0,0,0,0,0,0,0,0,0
17449,202.4,0,0,0,0,0,0,0,1,0,0,0,0,0,0,0,0,0
17448,203.6,0,0,1,0,0,0,0,0,0,0,0,0,0,0,0,0,0
17447,203.8,1,0,0,0,0,0,0,0,0,0,0,0,0,0,0,0,0
17446,203.9,0,0,0,0,0,0,0,1,0,0,0,0,0,0,0,0,0
17445,203.99,0,0,0,0,0,0,0,0,0,1,0,0,0,0,0,0,0
17444,204.02,1,0,0,0,0,0,0,0,0,0,0,0,0,0,0,0,0
17443,204.07,1,0,0,0,0,0,0,0,0,0,0,0,0,0,0,0,0
17442,204.13,0,0,0,0,0,0,0,1,0,0,0,0,0,0,0,0,0
17441,204.22,0,0,0,0,0,1,0,0,0,0,0,0,0,0,0,0,0
17440,204.46,0,0,0,0,0,0,1,0,0,0,0,0,0,0,0,0,0
16714,208.0,0,0,1,0,0,0,0,0,0,0,0,0,0,0,0,0,0
16713,208.61,1,0,0,0,0,0,0,0,0,0,0,0,0,0,0,0,0
16712,208.73,0,0,0,0,0,0,0,1,0,0,0,0,0,0,0,0,0
16711,208.83,0,0,0,0,0,0,0,0,0,1,0,0,0,0,0,0,0
16710,208.86,1,0,0,0,0,0,0,0,0,0,0,0,0,0,0,0,0
16709,208.89,1,0,0,0,0,0,0,0,0,0,0,0,0,0,0,0,0
16708,209.05,0,0,0,0,0,0,0,1,0,0,0,0,0,0,0,0,0
16707,209.23,0,0,0,0,0,1,0,0,0,0,0,0,0,0,0,0,0
16706,209.29,0,0,0,0,0,0,1,0,0,0,0,0,0,0,0,0,0
15825,215.85,0,0,0,0,0,0,0,0,0,0,0,0,1,0,0,0,0
15143,219.87,0,0,0,0,0,0,1,0,0,0,0,0,0,0,0,0,0
15142,221.59,0,1,0,0,0,0,0,0,0,0,0,0,0,0,0,0,0
15141,221.84,1,0,0,0,0,0,0,0,0,0,0,0,0,0,0,0,0
14648,222.0,0,0,1,0,0,0,0,0,0,0,0,0,0,0,0,0,0
14647,222.44,0,0,1,0,0,0,0,0,0,0,0,0,0,0,0,0,0
14646,222.85,0,0,0,0,0,1,0,0,0,0,0,0,0,0,0,0,0
14645,222.97,0,0,0,0,0,0,1,0,0,0,0,0,0,0,0,0,0
14644,223.41,0,0,0,1,0,0,0,0,0,0,0,0,0,0,0,0,0
14643,223.99,0,0,0,0,0,1,0,0,0,0,0,0,0,0,0,0,0
14642,224.1,0,0,0,0,0,0,1,0,0,0,0,0,0,0,0,0,0
14641,224.33,1,0,0,0,0,0,0,0,0,0,0,0,0,0,0,0,0
14640,224.41,0,0,0,0,0,0,0,1,0,0,0,0,0,0,0,0,0
14639,226.33,0,1,0,0,0,0,0,0,0,0,0,0,0,0,0,0,0
14638,230.41,0,0,0,0,0,1,0,0,0,0,0,0,0,0,0,0,0
14637,232.64,0,0,0,0,0,0,1,0,0,0,0,0,0,0,0,0,0
13999,233.0,0,0,1,0,0,0,0,0,0,0,0,0,0,0,0,0,0
13998,233.08,1,0,0,0,0,0,0,0,0,0,0,0,0,0,0,0,0
35457,233.14,0,0,0,0,0,0,0,1,0,0,0,0,0,0,0,0,0
13997,233.22,1,0,0,0,0,0,0,0,0,0,0,0,0,0,0,0,0
13996,233.32,0,1,0,0,0,0,0,0,0,0,0,0,0,0,0,0,0
13995,233.35,0,0,0,0,0,0,0,1,0,0,0,0,0,0,0,0,0
13994,233.49,0,1,0,0,0,0,0,0,0,0,0,0,0,0,0,0,0
13993,233.64,0,0,0,0,0,1,0,0,0,0,0,0,0,0,0,0,0
13992,234.01,0,0,0,0,0,0,1,0,0,0,0,0,0,0,0,0,0
13442,239.0,0,0,0,0,0,0,0,0,0,0,0,0,1,0,0,0,0
13441,240.05,0,0,0,0,0,0,0,0,0,0,0,0,0,0,1,0,0
13440,240.61,1,0,0,0,0,0,0,0,0,0,0,0,0,0,0,0,0
13439,240.73,0,0,0,0,0,0,0,1,0,0,0,0,0,0,0,0,0
13438,241.19,0,1,0,0,0,0,0,0,0,0,0,0,0,0,0,0,0
13437,241.22,1,0,0,0,0,0,0,0,0,0,0,0,0,0,0,0,0
13436,241.43,0,0,0,0,0,0,0,1,0,0,0,0,0,0,0,0,0
13435,242.1,0,0,1,0,0,0,0,0,0,0,0,0,0,0,0,0,0
13434,242.24,0,0,1,0,0,0,0,0,0,0,0,0,0,0,0,0,0
13433,242.82,0,0,0,0,0,1,0,0,0,0,0,0,0,0,0,0,0
13432,242.93,0,0,0,0,0,0,1,0,0,0,0,0,0,0,0,0,0
13431,244.65,0,0,0,0,0,0,0,0,0,0,0,0,1,0,0,0,0
13036,246.13,0,0,0,0,0,1,0,0,0,0,0,0,0,0,0,0,0
13035,246.31,0,0,0,0,0,0,1,0,0,0,0,0,0,0,0,0,0
13034,246.75,0,1,0,0,0,0,0,0,0,0,0,0,0,0,0,0,0
13033,246.91,0,0,0,0,0,0,1,0,0,0,0,0,0,0,0,0,0
13032,247.79,1,0,0,0,0,0,0,0,0,0,0,0,0,0,0,0,0
35545,248.62,0,0,0,0,0,0,0,0,0,0,1,0,0,0,0,0,0
13031,249.81,0,0,1,0,0,0,0,0,0,0,0,0,0,0,0,0,0
12746,252.0,0,0,1,0,0,0,0,0,0,0,0,0,0,0,0,0,0
12745,252.32,0,0,0,1,0,0,0,0,0,0,0,0,0,0,0,0,0
35574,252.57,0,0,0,0,0,0,0,0,0,0,1,0,0,0,0,0,0
12744,252.69,0,0,0,0,0,1,0,0,0,0,0,0,0,0,0,0,0
12743,252.76,0,0,0,0,0,0,1,0,0,0,0,0,0,0,0,0,0
12742,253.02,0,1,0,0,0,0,0,0,0,0,0,0,0,0,0,0,0
12741,253.11,0,0,0,0,0,1,0,0,0,0,0,0,0,0,0,0,0
12740,253.19,0,0,0,0,0,0,1,0,0,0,0,0,0,0,0,0,0
12739,253.49,0,1,0,0,0,0,0,0,0,0,0,0,0,0,0,0,0
12738,256.85,0,0,0,0,0,0,1,0,0,0,0,0,0,0,0,0,0
12152,257.0,0,0,1,0,0,0,0,0,0,0,0,0,0,0,0,0,0
12151,257.63,0,0,1,0,0,0,0,0,0,0,0,0,0,0,0,0,0
12150,257.8,0,0,0,0,1,0,0,0,0,0,0,0,0,0,0,0,0
12011,263.0,0,0,0,0,0,0,0,1,0,0,0,0,0,0,0,0,0
12010,263.12,0,0,0,0,0,1,0,0,0,0,0,0,0,0,0,0,0
12009,263.18,0,0,0,0,0,0,1,0,0,0,0,0,0,0,0,0,0
12008,263.82,0,0,1,0,0,0,0,0,0,0,0,0,0,0,0,0,0
12007,266.36,0,0,0,0,1,0,0,0,0,0,0,0,0,0,0,0,0
11890,267.11,0,0,0,0,0,0,0,1,0,0,0,0,0,0,0,0,0
11889,267.36,0,0,0,0,0,1,0,0,0,0,0,0,0,0,0,0,0
11888,267.48,0,0,0,0,0,0,1,0,0,0,0,0,0,0,0,0,0
11887,267.69,0,1,0,0,0,0,0,0,0,0,0,0,0,0,0,0,0
11886,267.8,0,0,0,0,0,0,1,0,0,0,0,0,0,0,0,0,0
11885,267.88,0,0,1,0,0,0,0,0,0,0,0,0,0,0,0,0,0
11884,268.49,1,0,0,0,0,0,0,0,0,0,0,0,0,0,0,0,0
11883,268.66,1,0,0,0,0,0,0,0,0,0,0,0,0,0,0,0,0
11882,268.86,0,0,0,0,0,0,0,1,0,0,0,0,0,0,0,0,0
11881,268.95,0,0,1,0,0,0,0,0,0,0,0,0,0,0,0,0,0
11880,269.04,0,0,1,0,0,0,0,0,0,0,0,0,0,0,0,0,0
11879,269.38,0,0,0,0,0,1,0,0,0,0,0,0,0,0,0,0,0
11878,269.62,0,0,0,0,0,0,1,0,0,0,0,0,0,0,0,0,0
11737,271.76,0,0,1,0,0,0,0,0,0,0,0,0,0,0,0,0,0
11736,271.85,0,0,1,0,0,0,0,0,0,0,0,0,0,0,0,0,0
11735,272.13,0,0,0,0,0,0,0,0,0,1,0,0,0,0,0,0,0
11734,272.34,1,0,0,0,0,0,0,0,0,0,0,0,0,0,0,0,0
35695,272.47,0,0,0,0,0,0,0,0,0,0,1,0,0,0,0,0,0
11733,272.56,0,0,0,0,0,0,0,1,0,0,0,0,0,0,0,0,0
11732,272.76,0,0,0,0,0,0,0,0,0,1,0,0,0,0,0,0,0
11731,273.12,0,0,0,0,1,0,0,0,0,0,0,0,0,0,0,0,0
11730,273.21,0,0,0,0,0,1,0,0,0,0,0,0,0,0,0,0,0
11729,273.29,0,0,0,0,0,0,1,0,0,0,0,0,0,0,0,0,0
11728,273.46,1,0,0,0,0,0,0,0,0,0,0,0,0,0,0,0,0
11727,273.66,0,0,0,0,0,0,0,0,0,0,1,0,0,0,0,0,0
11607,280.55,0,0,1,0,0,0,0,0,0,0,0,0,0,0,0,0,0
11514,297.94,0,0,0,0,0,0,0,0,0,0,0,0,1,0,0,0,0
35725,298.39,0,0,0,0,0,0,0,1,0,0,0,0,0,0,0,0,0
35726,298.39,1,0,0,0,0,0,0,0,0,0,0,0,0,0,0,0,0
11427,310.69,0,0,0,0,0,0,0,0,0,0,0,0,1,0,0,0,0
35744,311.08,0,0,0,0,0,0,0,0,0,0,1,0,0,0,0,0,0
11426,311.28,0,1,0,0,0,0,0,0,0,0,0,0,0,0,0,0,0
11425,311.41,0,0,1,0,0,0,0,0,0,0,0,0,0,0,0,0,0
11424,312.15,0,0,1,0,0,0,0,0,0,0,0,0,0,0,0,0,0
11268,314.0,0,0,0,0,0,0,1,0,0,0,0,0,0,0,0,0,0
11267,314.91,1,0,0,0,0,0,0,0,0,0,0,0,0,0,0,0,0
11266,315.79,0,0,0,0,0,0,0,1,0,0,0,0,0,0,0,0,0
11265,319.3,0,1,0,0,0,0,0,0,0,0,0,0,0,0,0,0,0
11264,322.46,0,0,0,0,0,1,0,0,0,0,0,0,0,0,0,0,0
11263,322.83,0,0,0,0,0,0,1,0,0,0,0,0,0,0,0,0,0
11132,323.0,0,0,0,0,0,0,0,0,0,0,0,0,1,0,0,0,0
11131,323.33,1,0,0,0,0,0,0,0,0,0,0,0,0,0,0,0,0
11130,323.64,0,0,0,0,0,0,0,1,0,0,0,0,0,0,0,0,0
11129,325.18,0,0,0,0,0,0,0,1,0,0,0,0,0,0,0,0,0
35791,325.39,0,0,0,0,0,0,0,0,0,0,1,0,0,0,0,0,0
11128,325.54,0,0,0,0,1,0,0,0,0,0,0,0,0,0,0,0,0
35810,326.0,0,0,0,0,0,0,0,0,0,0,1,0,0,0,0,0,0
11006,326.69,0,0,0,0,1,0,0,0,0,0,0,0,0,0,0,0,0
11005,327.03,1,0,0,0,0,0,0,0,0,0,0,0,0,0,0,0,0
35811,327.31,1,0,0,0,0,0,0,0,0,0,0,0,0,0,0,0,0
11004,327.5,0,0,0,0,0,0,0,1,0,0,0,0,0,0,0,0,0
11003,327.83,0,0,0,0,1,0,0,0,0,0,0,0,0,0,0,0,0
11002,327.97,0,0,0,0,0,1,0,0,0,0,0,0,0,0,0,0,0
11001,328.1,0,0,0,0,0,0,1,0,0,0,0,0,0,0,0,0,0
10612,332.49,0,0,1,0,0,0,0,0,0,0,0,0,0,0,0,0,0
10517,334.67,0,0,1,0,0,0,0,0,0,0,0,0,0,0,0,0,0
10356,335.17,0,0,1,0,0,0,0,0,0,0,0,0,0,0,0,0,0
10355,336.2,0,0,0,1,0,0,0,0,0,0,0,0,0,0,0,0,0
35899,337.54,0,0,0,0,0,0,0,0,0,0,1,0,0,0,0,0,0
10354,338.35,0,0,1,0,0,0,0,0,0,0,0,0,0,0,0,0,0
10353,338.62,1,0,0,0,0,0,0,0,0,0,0,0,0,0,0,0,0
10352,340.29,1,0,0,0,0,0,0,0,0,0,0,0,0,0,0,0,0
10351,343.36,0,0,0,0,0,0,0,1,0,0,0,0,0,0,0,0,0
10350,343.71,0,0,0,0,0,0,0,0,0,1,0,0,0,0,0,0,0
10349,344.13,1,0,0,0,0,0,0,0,0,0,0,0,0,0,0,0,0
10348,344.44,1,0,0,0,0,0,0,0,0,0,0,0,0,0,0,0,0
10347,344.57,0,0,0,0,0,0,0,1,0,0,0,0,0,0,0,0,0
10346,352.28,0,0,0,0,0,0,0,0,0,0,0,0,0,0,1,0,0
10261,358.0,0,0,0,0,0,0,1,0,0,0,0,0,0,0,0,0,0
35916,358.36,0,0,0,0,0,0,0,0,0,0,1,0,0,0,0,0,0
10260,358.62,0,0,0,0,0,0,0,1,0,0,0,0,0,0,0,0,0
10259,359.48,0,0,1,0,0,0,0,0,0,0,0,0,0,0,0,0,0
10258,361.2,1,0,0,0,0,0,0,0,0,0,0,0,0,0,0,0,0
10257,361.78,0,0,0,0,0,0,0,1,0,0,0,0,0,0,0,0,0
10256,361.97,0,0,1,0,0,0,0,0,0,0,0,0,0,0,0,0,0
10255,363.4,0,0,0,0,0,1,0,0,0,0,0,0,0,0,0,0,0
10254,366.76,0,0,0,0,0,0,1,0,0,0,0,0,0,0,0,0,0
10253,368.45,1,0,0,0,0,0,0,0,0,0,0,0,0,0,0,0,0
35917,369.48,0,0,0,0,0,0,0,1,0,0,0,0,0,0,0,0,0
10252,375.47,0,0,0,1,0,0,0,0,0,0,0,0,0,0,0,0,0
10251,375.99,0,0,1,0,0,0,0,0,0,0,0,0,0,0,0,0,0
10250,376.18,0,0,0,0,0,0,0,0,0,0,0,1,0,0,0,0,0
10249,378.27,1,0,0,0,0,0,0,0,0,0,0,0,0,0,0,0,0
10248,378.61,0,0,0,0,0,0,1,0,0,0,0,0,0,0,0,0,0
10130,379.93,0,0,1,0,0,0,0,0,0,0,0,0,0,0,0,0,0
10129,380.0,0,0,0,1,0,0,0,0,0,0,0,0,0,0,0,0,0
10128,380.35,1,0,0,0,0,0,0,0,0,0,0,0,0,0,0,0,0
35938,380.41,1,0,0,0,0,0,0,0,0,0,0,0,0,0,0,0,0
10127,381.69,0,0,0,0,0,0,0,1,0,0,0,0,0,0,0,0,0
10126,383.73,0,1,0,0,0,0,0,0,0,0,0,0,0,0,0,0,0
10125,383.86,0,1,0,0,0,0,0,0,0,0,0,0,0,0,0,0,0
10124,383.92,0,0,0,0,0,0,1,0,0,0,0,0,0,0,0,0,0
10011,384.0,0,0,1,0,0,0,0,0,0,0,0,0,0,0,0,0,0
10010,384.73,0,0,1,0,0,0,0,0,0,0,0,0,0,0,0,0,0
10009,385.11,0,0,1,0,0,0,0,0,0,0,0,0,0,0,0,0,0
10008,385.29,0,0,1,0,0,0,0,0,0,0,0,0,0,0,0,0,0
10007,385.48,0,0,0,0,1,0,0,0,0,0,0,0,0,0,0,0,0
10006,385.99,0,0,1,0,0,0,0,0,0,0,0,0,0,0,0,0,0
10005,386.45,0,0,0,0,1,0,0,0,0,0,0,0,0,0,0,0,0
10004,387.11,0,0,0,0,1,0,0,0,0,0,0,0,0,0,0,0,0
10003,387.615,0,0,0,0,1,0,0,0,0,0,0,0,0,0,0,0,0
35961,387.96,0,0,0,0,0,0,0,0,0,0,1,0,0,0,0,0,0
10002,388.16,0,0,1,0,0,0,0,0,0,0,0,0,0,0,0,0,0
10001,388.38,0,1,0,0,0,0,0,0,0,0,0,0,0,0,0,0,0
10000,388.58,0,0,0,0,0,0,1,0,0,0,0,0,0,0,0,0,0
9999,389.21,0,0,0,0,0,0,1,0,0,0,0,0,0,0,0,0,0
9998,389.27,0,1,0,0,0,0,0,0,0,0,0,0,0,0,0,0,0
9997,389.41,0,0,0,0,0,0,1,0,0,0,0,0,0,0,0,0,0
9996,389.64,0,0,0,1,0,0,0,0,0,0,0,0,0,0,0,0,0
35962,389.84,0,0,0,0,0,0,0,0,0,0,1,0,0,0,0,0,0
9995,389.97,0,0,1,0,0,0,0,0,0,0,0,0,0,0,0,0,0
9994,390.05,0,0,1,0,0,0,0,0,0,0,0,0,0,0,0,0,0
9879,396.06,0,0,1,0,0,0,0,0,0,0,0,0,0,0,0,0,0
9878,396.61,0,1,0,0,0,0,0,0,0,0,0,0,0,0,0,0,0
9877,397.0,0,0,0,0,0,1,0,0,0,0,0,0,0,0,0,0,0
9876,397.37,0,0,0,0,0,0,1,0,0,0,0,0,0,0,0,0,0
9875,397.74,0,1,0,0,0,0,0,0,0,0,0,0,0,0,0,0,0
9874,398.1,0,0,0,0,0,0,1,0,0,0,0,0,0,0,0,0,0
35977,398.44,0,0,0,0,0,0,0,1,0,0,0,0,0,0,0,0,0
9873,399.89,0,0,1,0,0,0,0,0,0,0,0,0,0,0,0,0,0
9872,401.06,0,1,0,0,0,0,0,0,0,0,0,0,0,0,0,0,0
9871,411.53,0,0,0,0,0,0,1,0,0,0,0,0,0,0,0,0,0
9736,419.0,0,0,0,0,0,0,1,0,0,0,0,0,0,0,0,0,0
9735,421.16,0,0,0,0,0,0,1,0,0,0,0,0,0,0,0,0,0
9628,425.0,0,0,1,0,0,0,0,0,0,0,0,0,0,0,0,0,0
36008,425.06,0,0,0,0,0,0,0,0,0,0,1,0,0,0,0,0,0
9627,425.39,0,0,0,0,0,1,0,0,0,0,0,0,0,0,0,0,0
9626,425.45,0,0,0,0,0,0,1,0,0,0,0,0,0,0,0,0,0
9625,426.62,0,1,0,0,0,0,0,0,0,0,0,0,0,0,0,0,0
9624,428.74,0,0,0,0,0,0,1,0,0,0,0,0,0,0,0,0,0
9623,428.93,0,0,1,0,0,0,0,0,0,0,0,0,0,0,0,0,0
9493,429.07,0,0,0,0,0,0,0,0,0,0,0,0,1,0,0,0,0
9492,429.14,0,0,0,0,0,0,0,0,0,1,0,0,0,0,0,0,0
9491,429.25,1,0,0,0,0,0,0,0,0,0,0,0,0,0,0,0,0
9490,429.29,1,0,0,0,0,0,0,0,0,0,0,0,0,0,0,0,0
9489,429.35,0,0,0,0,0,0,0,1,0,0,0,0,0,0,0,0,0
9488,429.45,0,1,0,0,0,0,0,0,0,0,0,0,0,0,0,0,0
9487,429.64,0,0,0,0,0,1,0,0,0,0,0,0,0,0,0,0,0
9486,429.71,0,0,0,0,0,0,1,0,0,0,0,0,0,0,0,0,0
9485,429.93,1,0,0,0,0,0,0,0,0,0,0,0,0,0,0,0,0
9484,430.31,0,0,0,0,0,0,1,0,0,0,0,0,0,0,0,0,0
9483,431.51,0,1,0,0,0,0,0,0,0,0,0,0,0,0,0,0,0
9482,431.56,0,0,0,0,0,0,1,0,0,0,0,0,0,0,0,0,0
9481,439.44,1,0,0,0,0,0,0,0,0,0,0,0,0,0,0,0,0
9480,442.2,0,0,0,0,0,0,0,1,0,0,0,0,0,0,0,0,0
9479,442.35,0,1,0,0,0,0,0,0,0,0,0,0,0,0,0,0,0
9478,442.59,0,0,0,0,0,1,0,0,0,0,0,0,0,0,0,0,0
9477,442.8,0,0,0,0,0,0,1,0,0,0,0,0,0,0,0,0,0
9162,445.24,1,0,0,0,0,0,0,0,0,0,0,0,0,0,0,0,0
9161,445.27,0,0,0,0,0,0,0,1,0,0,0,0,0,0,0,0,0
9160,445.49,0,0,0,0,0,1,0,0,0,0,0,0,0,0,0,0,0
9159,445.64,0,0,0,0,0,0,1,0,0,0,0,0,0,0,0,0,0
9158,445.82,0,0,1,0,0,0,0,0,0,0,0,0,0,0,0,0,0
9012,446.0,0,0,1,0,0,0,0,0,0,0,0,0,0,0,0,0,0
9011,447.24,0,0,0,0,0,0,0,0,0,0,0,0,0,0,1,0,0
36076,447.4,0,0,0,0,0,0,0,0,0,0,1,0,0,0,0,0,0
9010,448.36,0,0,0,0,0,0,0,0,0,1,0,0,0,0,0,0,0
36077,448.75,0,0,0,0,0,0,0,0,0,0,1,0,0,0,0,0,0
9009,449.31,0,0,0,0,1,0,0,0,0,0,0,0,0,0,0,0,0
36078,450.03,0,0,0,0,0,0,0,0,0,0,1,0,0,0,0,0,0
9008,450.14,0,0,0,0,0,0,0,0,0,1,0,0,0,0,0,0,0
9007,450.22,1,0,0,0,0,0,0,0,0,0,0,0,0,0,0,0,0
9006,450.68,0,0,0,0,0,0,0,1,0,0,0,0,0,0,0,0,0
9005,451.07,0,0,0,0,1,0,0,0,0,0,0,0,0,0,0,0,0
9004,451.17,0,0,0,0,0,0,1,0,0,0,0,0,0,0,0,0,0
8832,456.22,0,0,0,0,0,0,1,0,0,0,0,0,0,0,0,0,0
8831,457.47,0,0,1,0,0,0,0,0,0,0,0,0,0,0,0,0,0
36124,458.0,0,0,0,0,0,0,1,0,0,0,0,0,0,0,0,0,0
8643,458.48,0,0,0,0,0,0,0,0,0,1,0,0,0,0,0,0,0
36125,460.79,0,0,0,0,0,0,0,0,0,0,1,0,0,0,0,0,0
8642,463.2,0,0,0,0,0,1,0,0,0,0,0,0,0,0,0,0,0
8641,464.53,0,0,0,0,0,0,1,0,0,0,0,0,0,0,0,0,0
8640,464.88,0,1,0,0,0,0,0,0,0,0,0,0,0,0,0,0,0
8639,465.0,0,0,0,0,0,1,0,0,0,0,0,0,0,0,0,0,0
8638,465.35,0,0,0,0,0,0,1,0,0,0,0,0,0,0,0,0,0
8520,466.02,0,0,0,0,0,0,0,0,0,0,0,0,1,0,0,0,0
8519,468.36,0,0,1,0,0,0,0,0,0,0,0,0,0,0,0,0,0
8518,468.55,0,1,0,0,0,0,0,0,0,0,0,0,0,0,0,0,0
8517,470.57,0,0,0,0,0,0,1,0,0,0,0,0,0,0,0,0,0
36174,474.17,0,0,0,0,0,0,1,0,0,0,0,0,0,0,0,0,0
8157,474.42,0,0,0,0,0,0,0,0,0,1,0,0,0,0,0,0,0
36175,474.53,0,0,0,0,0,0,0,0,0,0,1,0,0,0,0,0,0
8156,474.68,0,0,0,0,0,1,0,0,0,0,0,0,0,0,0,0,0
8155,474.8,0,0,0,0,0,0,1,0,0,0,0,0,0,0,0,0,0
36188,479.0,0,0,0,0,0,0,1,0,0,0,0,0,0,0,0,0,0
8049,479.24,0,0,0,0,0,0,0,0,0,1,0,0,0,0,0,0,0
36189,479.41,0,0,0,0,0,0,0,0,0,0,1,0,0,0,0,0,0
8048,479.49,0,0,0,0,0,1,0,0,0,0,0,0,0,0,0,0,0
8047,479.77,0,0,0,0,0,0,1,0,0,0,0,0,0,0,0,0,0
36190,479.86,1,0,0,0,0,0,0,0,0,0,0,0,0,0,0,0,0
8046,480.16,0,0,0,0,0,0,0,1,0,0,0,0,0,0,0,0,0
8045,480.31,1,0,0,0,0,0,0,0,0,0,0,0,0,0,0,0,0
8044,480.52,1,0,0,0,0,0,0,0,0,0,0,0,0,0,0,0,0
8043,480.6,1,0,0,0,0,0,0,0,0,0,0,0,0,0,0,0,0
8042,480.8,0,0,0,0,0,0,0,1,0,0,0,0,0,0,0,0,0
8041,481.34,0,0,0,0,1,0,0,0,0,0,0,0,0,0,0,0,0
8040,481.48,0,0,0,0,0,1,0,0,0,0,0,0,0,0,0,0,0
8039,481.63,0,0,0,0,0,0,1,0,0,0,0,0,0,0,0,0,0
36208,486.0,0,0,0,0,0,0,1,0,0,0,0,0,0,0,0,0,0
7858,486.41,0,0,0,0,0,0,0,0,0,1,0,0,0,0,0,0,0
36209,486.61,0,0,0,0,0,0,0,0,0,0,1,0,0,0,0,0,0
7857,486.71,0,0,0,0,0,1,0,0,0,0,0,0,0,0,0,0,0
7856,487.68,0,0,0,0,0,1,0,0,0,0,0,0,0,0,0,0,0
7855,487.81,0,0,0,0,0,0,1,0,0,0,0,0,0,0,0,0,0
7854,489.48,0,1,0,0,0,0,0,0,0,0,0,0,0,0,0,0,0
7853,491.72,0,0,0,0,0,1,0,0,0,0,0,0,0,0,0,0,0
7852,492.68,0,0,0,0,0,0,1,0,0,0,0,0,0,0,0,0,0
36232,493.0,0,0,0,0,0,0,1,0,0,0,0,0,0,0,0,0,0
7652,493.06,1,0,0,0,0,0,0,0,0,0,0,0,0,0,0,0,0
7651,493.09,1,0,0,0,0,0,0,0,0,0,0,0,0,0,0,0,0
7650,493.15,0,0,0,0,0,0,0,0,0,0,1,0,0,0,0,0,0
7649,493.18,0,0,0,0,0,0,0,1,0,0,0,0,0,0,0,0,0
7648,493.35,0,1,0,0,0,0,0,0,0,0,0,0,0,0,0,0,0
7647,493.44,0,0,0,0,0,0,0,1,0,0,0,0,0,0,0,0,0
7646,494.28,0,0,0,0,0,1,0,0,0,0,0,0,0,0,0,0,0
7645,496.71,0,0,0,0,0,0,1,0,0,0,0,0,0,0,0,0,0
36258,499.0,0,0,0,0,0,0,1,0,0,0,0,0,0,0,0,0,0
7377,499.32,0,0,0,0,0,0,0,0,0,1,0,0,0,0,0,0,0
7376,501.64,0,1,0,0,0,0,0,0,0,0,0,0,0,0,0,0,0
7375,501.78,0,0,0,0,0,1,0,0,0,0,0,0,0,0,0,0,0
7374,501.93,0,0,0,0,0,0,1,0,0,0,0,0,0,0,0,0,0
36259,502.37,0,0,0,0,0,0,0,1,0,0,0,0,0,0,0,0,0
6941,506.0,0,0,0,0,0,0,0,0,0,0,0,0,1,0,0,0,0
6940,506.14,0,0,0,0,1,0,0,0,0,0,0,0,0,0,0,0,0
6939,508.82,0,1,0,0,0,0,0,0,0,0,0,0,0,0,0,0,0
6938,509.38,0,0,0,0,0,0,1,0,0,0,0,0,0,0,0,0,0
36328,510.05,0,0,0,0,0,0,0,0,0,0,1,0,0,0,0,0,0
6797,513.69,0,1,0,0,0,0,0,0,0,0,0,0,0,0,0,0,0
6796,514.62,0,0,0,0,0,1,0,0,0,0,0,0,0,0,0,0,0
6795,515.66,0,0,0,0,0,0,1,0,0,0,0,0,0,0,0,0,0
36348,516.44,0,0,0,0,0,0,0,0,0,0,1,0,0,0,0,0,0
6624,519.83,0,0,1,0,0,0,0,0,0,0,0,0,0,0,0,0,0
6498,520.0,0,0,0,0,0,0,0,0,0,0,0,0,1,0,0,0,0
6497,520.32,0,0,1,0,0,0,0,0,0,0,0,0,0,0,0,0,0
6496,520.52,0,0,0,0,1,0,0,0,0,0,0,0,0,0,0,0,0
6495,520.83,0,0,0,0,0,1,0,0,0,0,0,0,0,0,0,0,0
6494,520.89,0,0,0,0,0,0,1,0,0,0,0,0,0,0,0,0,0
6493,521.24,1,0,0,0,0,0,0,0,0,0,0,0,0,0,0,0,0
6492,521.28,0,0,0,0,0,0,0,0,0,0,1,0,0,0,0,0,0
6491,521.4,0,0,0,1,0,0,0,0,0,0,0,0,0,0,0,0,0
6490,521.49,0,0,1,0,0,0,0,0,0,0,0,0,0,0,0,0,0
6489,521.64,0,0,0,0,1,0,0,0,0,0,0,0,0,0,0,0,0
36381,525.72,0,0,0,0,0,0,0,0,0,0,1,0,0,0,0,0,0
6341,530.25,0,0,0,0,0,1,0,0,0,0,0,0,0,0,0,0,0
6340,530.63,0,0,0,0,0,0,1,0,0,0,0,0,0,0,0,0,0
36393,532.27,0,0,0,0,0,0,0,0,0,0,1,0,0,0,0,0,0
6232,533.33,0,0,0,0,0,1,0,0,0,0,0,0,0,0,0,0,0
6231,533.68,0,0,0,0,0,0,1,0,0,0,0,0,0,0,0,0,0
36418,534.2,0,0,0,0,0,0,1,0,0,0,0,0,0,0,0,0,0
6083,535.04,0,0,0,0,0,0,0,0,0,1,0,0,0,0,0,0,0
36419,535.24,0,0,0,0,0,0,0,0,0,0,1,0,0,0,0,0,0
6082,535.63,0,0,0,0,1,0,0,0,0,0,0,0,0,0,0,0,0
6081,535.87,0,0,0,1,0,0,0,0,0,0,0,0,0,0,0,0,0
36420,536.12,0,0,0,0,0,0,0,0,0,0,1,0,0,0,0,0,0
6080,537.34,0,0,0,0,0,0,0,0,0,1,0,0,0,0,0,0,0
36421,537.56,0,0,0,0,0,0,0,0,0,0,1,0,0,0,0,0,0
6079,537.7,0,0,0,0,1,0,0,0,0,0,0,0,0,0,0,0,0
6078,537.96,1,0,0,0,0,0,0,0,0,0,0,0,0,0,0,0,0
6077,538.18,0,0,0,0,0,0,0,1,0,0,0,0,0,0,0,0,0
6076,538.39,1,0,0,0,0,0,0,0,0,0,0,0,0,0,0,0,0
6075,538.42,0,0,0,0,0,0,0,1,0,0,0,0,0,0,0,0,0
6074,538.59,0,1,0,0,0,0,0,0,0,0,0,0,0,0,0,0,0
6073,538.69,0,0,0,0,0,1,0,0,0,0,0,0,0,0,0,0,0
6072,538.75,0,0,0,0,0,0,1,0,0,0,0,0,0,0,0,0,0
6071,538.86,0,0,0,0,0,0,1,0,0,0,0,0,0,0,0,0,0
5891,539.11,1,0,0,0,0,0,0,0,0,0,0,0,0,0,0,0,0
5890,539.14,0,0,0,0,0,0,0,1,0,0,0,0,0,0,0,0,0
5889,540.42,1,0,0,0,0,0,0,0,0,0,0,0,0,0,0,0,0
5888,541.48,0,0,0,0,0,0,0,1,0,0,0,0,0,0,0,0,0
5887,541.75,0,1,0,0,0,0,0,0,0,0,0,0,0,0,0,0,0
5886,541.82,0,0,0,0,0,1,0,0,0,0,0,0,0,0,0,0,0
5885,541.88,0,0,0,0,0,0,1,0,0,0,0,0,0,0,0,0,0
5699,542.0,0,0,0,0,0,0,0,0,0,0,0,0,1,0,0,0,0
5698,542.07,0,0,0,0,1,0,0,0,0,0,0,0,0,0,0,0,0
5697,542.86,0,0,0,0,0,1,0,0,0,0,0,0,0,0,0,0,0
5696,543.1,0,0,0,0,0,0,1,0,0,0,0,0,0,0,0,0,0
36493,546.03,0,0,0,0,0,0,1,0,0,0,0,0,0,0,0,0,0
5545,546.28,0,0,0,0,0,0,0,0,0,1,0,0,0,0,0,0,0
36494,546.43,0,0,0,0,0,0,0,0,0,0,1,0,0,0,0,0,0
5544,546.87,0,0,0,0,1,0,0,0,0,0,0,0,0,0,0,0,0
36495,548.78,0,0,0,0,0,0,0,0,0,0,1,0,0,0,0,0,0
5543,548.95,0,0,0,0,0,0,0,0,0,1,0,0,0,0,0,0,0
36496,549.08,0,0,0,0,0,0,0,0,0,0,1,0,0,0,0,0,0
5542,549.41,0,0,1,0,0,0,0,0,0,0,0,0,0,0,0,0,0
5541,552.29,0,0,0,0,1,0,0,0,0,0,0,0,0,0,0,0,0
5540,555.05,0,0,0,0,0,1,0,0,0,0,0,0,0,0,0,0,0
5539,555.6,0,0,0,0,0,0,1,0,0,0,0,0,0,0,0,0,0
5538,556.32,1,0,0,0,0,0,0,0,0,0,0,0,0,0,0,0,0
5537,556.77,0,0,0,0,0,0,0,0,0,0,1,0,0,0,0,0,0
36497,557.06,0,0,0,0,0,0,0,0,0,0,1,0,0,0,0,0,0
5536,559.48,0,0,0,0,0,0,0,0,0,1,0,0,0,0,0,0,0
36498,559.68,0,0,0,0,0,0,0,0,0,0,1,0,0,0,0,0,0
5245,560.13,0,0,0,0,0,0,0,0,0,0,0,0,1,0,0,0,0
5244,561.13,0,0,1,0,0,0,0,0,0,0,0,0,0,0,0,0,0
36528,563.24,0,0,0,0,0,0,0,0,0,0,1,0,0,0,0,0,0
36529,563.45,0,0,0,0,0,0,0,0,0,0,1,0,0,0,0,0,0
5243,564.27,0,0,0,0,0,0,0,0,0,1,0,0,0,0,0,0,0
5242,567.54,1,0,0,0,0,0,0,0,0,0,0,0,0,0,0,0,0
5241,567.77,0,0,0,0,0,0,0,1,0,0,0,0,0,0,0,0,0
5056,571.7,0,0,1,0,0,0,0,0,0,0,0,0,0,0,0,0,0
36551,572.11,0,0,0,0,0,0,0,0,0,0,1,0,0,0,0,0,0
5055,572.58,0,0,0,0,0,0,0,1,0,0,0,0,0,0,0,0,0
4844,573.0,0,0,1,0,0,0,0,0,0,0,0,0,0,0,0,0,0
4843,573.1,0,0,1,0,0,0,0,0,0,0,0,0,0,0,0,0,0
4842,573.18,0,0,1,0,0,0,0,0,0,0,0,0,0,0,0,0,0
36572,573.24,0,0,0,0,0,0,0,0,0,0,1,0,0,0,0,0,0
4841,575.06,0,0,0,0,0,1,0,0,0,0,0,0,0,0,0,0,0
4840,579.52,0,0,0,0,0,0,1,0,0,0,0,0,0,0,0,0,0
36581,580.17,0,0,0,0,0,0,0,1,0,0,0,0,0,0,0,0,0
4711,580.27,0,0,0,0,1,0,0,0,0,0,0,0,0,0,0,0,0
36582,580.44,0,0,0,0,0,0,0,1,0,0,0,0,0,0,0,0,0
4710,580.55,0,0,0,0,0,0,1,0,0,0,0,0,0,0,0,0,0
36583,582.55,0,0,0,0,0,0,0,1,0,0,0,0,0,0,0,0,0
4709,582.7,0,0,0,0,0,1,0,0,0,0,0,0,0,0,0,0,0
4708,582.82,0,0,0,0,0,0,1,0,0,0,0,0,0,0,0,0,0
36584,583.81,0,0,0,0,0,0,0,1,0,0,0,0,0,0,0,0,0
4707,584.03,0,0,0,0,0,1,0,0,0,0,0,0,0,0,0,0,0
4706,584.42,0,0,0,0,0,0,1,0,0,0,0,0,0,0,0,0,0
4705,585.29,0,1,0,0,0,0,0,0,0,0,0,0,0,0,0,0,0
4704,585.86,0,0,0,0,0,1,0,0,0,0,0,0,0,0,0,0,0
4703,587.71,0,0,0,0,0,0,1,0,0,0,0,0,0,0,0,0,0
4476,588.03,0,1,0,0,0,0,0,0,0,0,0,0,0,0,0,0,0
4475,588.29,0,0,0,0,0,1,0,0,0,0,0,0,0,0,0,0,0
4474,588.5,0,0,0,0,0,0,1,0,0,0,0,0,0,0,0,0,0
4473,588.63,1,0,0,0,0,0,0,0,0,0,0,0,0,0,0,0,0
4472,592.25,1,0,0,0,0,0,0,0,0,0,0,0,0,0,0,0,0
4471,592.48,0,0,0,0,0,0,0,1,0,0,0,0,0,0,0,0,0
4367,593.0,0,0,0,0,0,0,0,0,1,0,0,0,0,0,0,0,0
36621,593.38,0,0,0,0,0,0,0,1,0,0,0,0,0,0,0,0,0
4366,595.45,0,0,0,0,0,1,0,0,0,0,0,0,0,0,0,0,0
4365,595.67,0,0,0,0,0,0,1,0,0,0,0,0,0,0,0,0,0
4364,596.08,0,0,0,0,0,0,0,0,0,0,0,0,1,0,0,0,0
4363,598.67,0,0,0,0,0,1,0,0,0,0,0,0,0,0,0,0,0
4362,598.71,0,0,0,0,0,0,1,0,0,0,0,0,0,0,0,0,0
4361,598.91,1,0,0,0,0,0,0,0,0,0,0,0,0,0,0,0,0
4360,598.98,1,0,0,0,0,0,0,0,0,0,0,0,0,0,0,0,0
4359,599.01,0,0,0,0,0,0,0,1,0,0,0,0,0,0,0,0,0
4358,599.25,0,1,0,0,0,0,0,0,0,0,0,0,0,0,0,0,0
4357,599.37,0,0,0,0,0,1,0,0,0,0,0,0,0,0,0,0,0
4356,599.43,0,0,0,0,0,0,1,0,0,0,0,0,0,0,0,0,0
4355,599.56,0,1,0,0,0,0,0,0,0,0,0,0,0,0,0,0,0
4354,599.59,0,0,0,0,0,0,1,0,0,0,0,0,0,0,0,0,0
4133,602.43,0,1,0,0,0,0,0,0,0,0,0,0,0,0,0,0,0
4132,602.5,0,0,0,0,0,1,0,0,0,0,0,0,0,0,0,0,0
4131,602.62,0,0,0,0,0,0,1,0,0,0,0,0,0,0,0,0,0
4130,602.81,0,1,0,0,0,0,0,0,0,0,0,0,0,0,0,0,0
4129,602.87,0,0,0,0,0,0,0,1,0,0,0,0,0,0,0,0,0
3954,603.41,0,0,1,0,0,0,0,0,0,0,0,0,0,0,0,0,0
36669,603.75,0,0,0,0,0,0,0,0,0,0,1,0,0,0,0,0,0
3953,603.82,0,0,1,0,0,0,0,0,0,0,0,0,0,0,0,0,0
3952,605.13,0,0,1,0,0,0,0,0,0,0,0,0,0,0,0,0,0
3951,605.5,0,1,0,0,0,0,0,0,0,0,0,0,0,0,0,0,0
3950,605.65,0,0,0,0,0,0,0,1,0,0,0,0,0,0,0,0,0
3949,606.37,0,0,0,0,0,1,0,0,0,0,0,0,0,0,0,0,0
3948,609.24,0,0,0,0,0,0,1,0,0,0,0,0,0,0,0,0,0
3947,609.79,1,0,0,0,0,0,0,0,0,0,0,0,0,0,0,0,0
3946,609.94,1,0,0,0,0,0,0,0,0,0,0,0,0,0,0,0,0
3945,610.72,0,0,0,0,0,0,0,1,0,0,0,0,0,0,0,0,0
36687,611.0,0,0,0,0,0,0,0,0,0,0,1,0,0,0,0,0,0
3790,613.69,0,0,0,0,0,1,0,0,0,0,0,0,0,0,0,0,0
3789,613.73,0,0,0,0,0,0,1,0,0,0,0,0,0,0,0,0,0
3680,614.73,0,0,0,0,0,1,0,0,0,0,0,0,0,0,0,0,0
3679,616.64,0,0,0,0,0,0,1,0,0,0,0,0,0,0,0,0,0
3170,619.0,0,0,0,0,0,1,0,0,0,0,0,0,0,0,0,0,0
3169,622.34,0,0,0,0,0,0,1,0,0,0,0,0,0,0,0,0,0
3042,624.0,0,0,0,0,0,0,0,0,0,0,0,0,1,0,0,0,0
3041,624.21,0,0,0,0,0,0,0,1,0,0,0,0,0,0,0,0,0
3040,624.48,0,0,0,0,0,0,0,1,0,0,0,0,0,0,0,0,0
3039,624.66,0,0,0,0,0,0,0,1,0,0,0,0,0,0,0,0,0
3038,625.02,0,0,0,0,0,1,0,0,0,0,0,0,0,0,0,0,0
3037,625.14,0,0,0,0,0,0,1,0,0,0,0,0,0,0,0,0,0
2949,629.51,0,0,0,0,0,1,0,0,0,0,0,0,0,0,0,0,0
2948,632.06,0,0,0,0,0,0,1,0,0,0,0,0,0,0,0,0,0
2798,633.2,0,0,0,0,0,1,0,0,0,0,0,0,0,0,0,0,0
2797,633.46,0,0,0,0,0,0,1,0,0,0,0,0,0,0,0,0,0
36829,636.14,0,0,0,0,0,0,1,0,0,0,0,0,0,0,0,0,0
36830,636.27,1,0,0,0,0,0,0,0,0,0,0,0,0,0,0,0,0
2551,636.37,1,0,0,0,0,0,0,0,0,0,0,0,0,0,0,0,0
2550,636.41,1,0,0,0,0,0,0,0,0,0,0,0,0,0,0,0,0
2549,636.45,0,0,0,0,0,0,0,1,0,0,0,0,0,0,0,0,0
2548,636.49,0,1,0,0,0,0,0,0,0,0,0,0,0,0,0,0,0
2547,636.6,0,0,0,0,0,1,0,0,0,0,0,0,0,0,0,0,0
2546,636.79,0,0,0,0,0,0,1,0,0,0,0,0,0,0,0,0,0
2545,638.11,0,1,0,0,0,0,0,0,0,0,0,0,0,0,0,0,0
2544,641.81,1,0,0,0,0,0,0,0,0,0,0,0,0,0,0,0,0
2360,642.0,1,0,0,0,0,0,0,0,0,0,0,0,0,0,0,0,0
36846,642.04,1,0,0,0,0,0,0,0,0,0,0,0,0,0,0,0,0
2359,642.115,1,0,0,0,0,0,0,0,0,0,0,0,0,0,0,0,0
2358,642.16,0,0,0,0,0,0,0,1,0,0,0,0,0,0,0,0,0
2357,642.21,0,0,1,0,0,0,0,0,0,0,0,0,0,0,0,0,0
2356,642.27,0,1,0,0,0,0,0,0,0,0,0,0,0,0,0,0,0
2355,642.35,0,0,0,0,0,1,0,0,0,0,0,0,0,0,0,0,0
2354,642.5,0,0,0,0,0,0,1,0,0,0,0,0,0,0,0,0,0
2353,642.81,0,0,0,1,0,0,0,0,0,0,0,0,0,0,0,0,0
2352,642.92,1,0,0,0,0,0,0,0,0,0,0,0,0,0,0,0,0
2351,643.05,1,0,0,0,0,0,0,0,0,0,0,0,0,0,0,0,0
2350,643.08,1,0,0,0,0,0,0,0,0,0,0,0,0,0,0,0,0
2349,643.15,0,0,0,0,0,0,0,1,0,0,0,0,0,0,0,0,0
2348,643.25,0,1,0,0,0,0,0,0,0,0,0,0,0,0,0,0,0
2347,643.54,0,0,0,0,0,1,0,0,0,0,0,0,0,0,0,0,0
2346,645.63,0,0,0,0,0,0,0,1,0,0,0,0,0,0,0,0,0
2216,647.14,0,0,0,0,0,0,0,0,0,0,0,0,1,0,0,0,0
2215,653.78,0,0,0,0,0,1,0,0,0,0,0,0,0,0,0,0,0
2214,653.82,0,0,0,0,0,0,1,0,0,0,0,0,0,0,0,0,0
36893,654.0,0,0,0,0,0,0,0,0,0,0,1,0,0,0,0,0,0
1952,654.16,0,0,1,0,0,0,0,0,0,0,0,0,0,0,0,0,0
1951,654.25,0,0,1,0,0,0,0,0,0,0,0,0,0,0,0,0,0
1950,654.61,0,0,0,0,1,0,0,0,0,0,0,0,0,0,0,0,0
1949,654.89,0,0,1,0,0,0,0,0,0,0,0,0,0,0,0,0,0
1948,655.09,1,0,0,0,0,0,0,0,0,0,0,0,0,0,0,0,0
1947,659.71,0,0,0,0,0,0,0,1,0,0,0,0,0,0,0,0,0
1946,659.84,0,0,0,0,0,0,0,0,0,1,0,0,0,0,0,0,0
1945,660.54,1,0,0,0,0,0,0,0,0,0,0,0,0,0,0,0,0
1944,660.69,0,0,0,0,1,0,0,0,0,0,0,0,0,0,0,0,0
1873,661.16,0,0,0,0,0,1,0,0,0,0,0,0,0,0,0,0,0
1872,664.76,0,0,0,0,0,0,1,0,0,0,0,0,0,0,0,0,0
1627,668.94,0,0,0,0,0,0,0,0,0,0,0,0,1,0,0,0,0
1626,676.83,0,0,0,0,0,1,0,0,0,0,0,0,0,0,0,0,0
1625,676.87,0,0,0,0,0,0,1,0,0,0,0,0,0,0,0,0,0
1476,677.0,0,0,1,0,0,0,0,0,0,0,0,0,0,0,0,0,0
1475,677.21,1,0,0,0,0,0,0,0,0,0,0,0,0,0,0,0,0
36969,677.37,0,0,0,0,0,0,0,1,0,0,0,0,0,0,0,0,0
1474,677.58,0,0,1,0,0,0,0,0,0,0,0,0,0,0,0,0,0
1473,677.84,0,0,1,0,0,0,0,0,0,0,0,0,0,0,0,0,0
36970,677.94,0,0,0,0,0,0,0,0,0,0,1,0,0,0,0,0,0
1472,678.1,0,0,1,0,0,0,0,0,0,0,0,0,0,0,0,0,0
1471,678.21,0,0,0,0,0,1,0,0,0,0,0,0,0,0,0,0,0
1470,678.4,0,0,0,0,0,0,1,0,0,0,0,0,0,0,0,0,0
36971,679.53,0,0,0,0,0,0,0,0,0,0,1,0,0,0,0,0,0
1469,680.18,0,0,1,0,0,0,0,0,0,0,0,0,0,0,0,0,0
1468,680.7,0,0,0,0,0,1,0,0,0,0,0,0,0,0,0,0,0
1467,684.55,0,0,0,0,0,0,1,0,0,0,0,0,0,0,0,0,0
1306,690.79,0,0,0,0,0,1,0,0,0,0,0,0,0,0,0,0,0
1305,692.44,0,0,0,0,0,0,1,0,0,0,0,0,0,0,0,0,0
1169,694.11,0,0,0,0,0,0,0,0,0,0,0,0,1,0,0,0,0
1168,694.64,0,0,0,0,0,0,1,0,0,0,0,0,0,0,0,0,0
1167,694.97,1,0,0,0,0,0,0,0,0,0,0,0,0,0,0,0,0
1166,695.4,1,0,0,0,0,0,0,0,0,0,0,0,0,0,0,0,0
1165,695.98,0,0,0,0,0,0,1,0,0,0,0,0,0,0,0,0,0
1164,696.17,0,0,0,0,0,0,0,0,0,0,0,0,1,0,0,0,0
1163,696.36,0,0,0,0,0,0,0,0,0,0,0,0,0,0,1,0,0
1162,696.49,0,0,0,0,0,0,0,0,0,0,0,0,0,0,1,0,0
37022,696.66,0,0,0,0,0,0,0,1,0,0,0,0,0,0,0,0,0
37023,696.78,1,0,0,0,0,0,0,0,0,0,0,0,0,0,0,0,0
1161,697.15,1,0,0,0,0,0,0,0,0,0,0,0,0,0,0,0,0
1160,697.4,0,0,0,0,0,0,0,1,0,0,0,0,0,0,0,0,0
1159,697.46,0,1,0,0,0,0,0,0,0,0,0,0,0,0,0,0,0
1158,697.66,0,0,0,0,0,1,0,0,0,0,0,0,0,0,0,0,0
1157,697.76,0,0,0,0,0,0,1,0,0,0,0,0,0,0,0,0,0
37024,698.2,1,0,0,0,0,0,0,0,0,0,0,0,0,0,0,0,0
37025,698.32,1,0,0,0,0,0,0,0,0,0,0,0,0,0,0,0,0
1156,698.4,0,0,0,0,0,0,0,1,0,0,0,0,0,0,0,0,0
1155,698.43,0,0,1,0,0,0,0,0,0,0,0,0,0,0,0,0,0
1154,698.55,0,1,0,0,0,0,0,0,0,0,0,0,0,0,0,0,0
1153,698.66,0,0,0,0,0,1,0,0,0,0,0,0,0,0,0,0,0
1152,698.77,0,0,0,0,0,0,1,0,0,0,0,0,0,0,0,0,0
1151,701.2,0,0,0,0,0,0,1,0,0,0,0,0,0,0,0,0,0
1150,705.62,0,0,0,0,0,1,0,0,0,0,0,0,0,0,0,0,0
1149,706.66,0,0,0,0,0,0,1,0,0,0,0,0,0,0,0,0,0
1148,707.385,0,0,0,0,0,1,0,0,0,0,0,0,0,0,0,0,0
1147,707.53,0,0,0,0,0,0,1,0,0,0,0,0,0,0,0,0,0
991,715.0,0,0,0,0,0,0,1,0,0,0,0,0,0,0,0,0,0
990,715.07,1,0,0,0,0,0,0,0,0,0,0,0,0,0,0,0,0
989,715.15,0,0,0,0,0,0,0,1,0,0,0,0,0,0,0,0,0
988,715.35,0,0,1,0,0,0,0,0,0,0,0,0,0,0,0,0,0
987,715.55,1,0,0,0,0,0,0,0,0,0,0,0,0,0,0,0,0
37045,715.97,0,0,0,0,0,0,0,0,0,0,1,0,0,0,0,0,0
986,716.07,1,0,0,0,0,0,0,0,0,0,0,0,0,0,0,0,0
985,716.15,1,0,0,0,0,0,0,0,0,0,0,0,0,0,0,0,0
984,716.26,1,0,0,0,0,0,0,0,0,0,0,0,0,0,0,0,0
983,716.38,0,0,0,0,0,0,0,1,0,0,0,0,0,0,0,0,0
982,716.56,0,0,0,0,0,0,0,1,0,0,0,0,0,0,0,0,0
981,719.95,0,0,1,0,0,0,0,0,0,0,0,0,0,0,0,0,0
980,720.26,0,1,0,0,0,0,0,0,0,0,0,0,0,0,0,0,0
979,720.48,0,0,0,0,0,1,0,0,0,0,0,0,0,0,0,0,0
978,720.64,0,0,0,0,0,0,1,0,0,0,0,0,0,0,0,0,0
37046,720.91,0,0,0,0,0,0,0,0,0,0,1,0,0,0,0,0,0
977,721.73,0,1,0,0,0,0,0,0,0,0,0,0,0,0,0,0,0
976,721.87,0,0,0,0,0,1,0,0,0,0,0,0,0,0,0,0,0
975,721.98,0,0,0,0,0,0,1,0,0,0,0,0,0,0,0,0,0
37047,722.31,0,0,0,0,0,0,0,0,0,0,1,0,0,0,0,0,0
974,722.44,0,1,0,0,0,0,0,0,0,0,0,0,0,0,0,0,0
973,722.6,0,0,0,0,0,1,0,0,0,0,0,0,0,0,0,0,0
972,722.73,0,0,0,0,0,0,1,0,0,0,0,0,0,0,0,0,0
865,731.18,0,0,0,0,0,1,0,0,0,0,0,0,0,0,0,0,0
864,731.48,0,0,0,0,0,0,1,0,0,0,0,0,0,0,0,0,0
679,737.05,0,1,0,0,0,0,0,0,0,0,0,0,0,0,0,0,0
678,737.17,0,0,0,0,1,0,0,0,0,0,0,0,0,0,0,0,0
37086,737.26,0,0,0,0,0,0,0,0,0,0,1,0,0,0,0,0,0
677,737.45,0,0,0,0,0,1,0,0,0,0,0,0,0,0,0,0,0
676,737.76,0,0,0,0,1,0,0,0,0,0,0,0,0,0,0,0,0
675,743.46,0,0,0,0,0,0,1,0,0,0,0,0,0,0,0,0,0
513,745.45,0,0,1,0,0,0,0,0,0,0,0,0,0,0,0,0,0
37113,745.9,0,0,0,0,0,0,0,1,0,0,0,0,0,0,0,0,0
512,746.48,0,0,0,0,1,0,0,0,0,0,0,0,0,0,0,0,0
511,746.71,0,0,0,0,0,0,0,0,0,0,0,1,0,0,0,0,0
510,746.94,1,0,0,0,0,0,0,0,0,0,0,0,0,0,0,0,0
509,747.05,0,0,1,0,0,0,0,0,0,0,0,0,0,0,0,0,0
508,747.11,0,0,0,0,0,0,0,1,0,0,0,0,0,0,0,0,0
507,747.33,0,0,1,0,0,0,0,0,0,0,0,0,0,0,0,0,0
506,747.47,1,0,0,0,0,0,0,0,0,0,0,0,0,0,0,0,0
505,747.63,1,0,0,0,0,0,0,0,0,0,0,0,0,0,0,0,0
37114,747.75,0,0,0,0,0,0,0,1,0,0,0,0,0,0,0,0,0
504,748.43,0,0,0,0,0,0,1,0,0,0,0,0,0,0,0,0,0
37115,749.74,0,0,0,0,0,0,0,1,0,0,0,0,0,0,0,0,0
503,750.14,1,0,0,0,0,0,0,0,0,0,0,0,0,0,0,0,0
502,750.29,1,0,0,0,0,0,0,0,0,0,0,0,0,0,0,0,0
37116,750.38,0,0,0,0,0,0,0,1,0,0,0,0,0,0,0,0,0
501,750.79,0,0,0,0,1,0,0,0,0,0,0,0,0,0,0,0,0
500,751.37,0,0,0,0,0,1,0,0,0,0,0,0,0,0,0,0,0
499,752.3,0,0,0,0,0,0,0,0,0,0,0,0,1,0,0,0,0
37117,752.8,0,0,0,0,0,0,0,1,0,0,0,0,0,0,0,0,0
498,753.67,0,0,1,0,0,0,0,0,0,0,0,0,0,0,0,0,0
497,754.78,0,0,0,0,0,1,0,0,0,0,0,0,0,0,0,0,0
496,754.87,0,0,0,0,0,0,1,0,0,0,0,0,0,0,0,0,0
37118,755.77,0,0,0,0,0,0,0,1,0,0,0,0,0,0,0,0,0
495,755.99,0,0,1,0,0,0,0,0,0,0,0,0,0,0,0,0,0
494,756.2,0,0,0,0,0,1,0,0,0,0,0,0,0,0,0,0,0
493,756.63,0,0,0,0,0,0,1,0,0,0,0,0,0,0,0,0,0
492,757.01,0,0,0,0,0,1,0,0,0,0,0,0,0,0,0,0,0
491,757.21,0,0,0,0,0,0,1,0,0,0,0,0,0,0,0,0,0
490,758.6,0,0,0,0,0,1,0,0,0,0,0,0,0,0,0,0,0
489,760.73,0,0,0,0,0,0,1,0,0,0,0,0,0,0,0,0,0
488,762.52,0,0,0,0,0,0,1,0,0,0,0,0,0,0,0,0,0
487,762.63,0,0,0,0,0,1,0,0,0,0,0,0,0,0,0,0,0
486,762.84,0,0,0,0,0,0,1,0,0,0,0,0,0,0,0,0,0
485,765.18,0,0,0,0,0,1,0,0,0,0,0,0,0,0,0,0,0
484,765.35,0,0,0,0,0,0,1,0,0,0,0,0,0,0,0,0,0
37155,767.09,0,0,0,0,0,0,0,0,0,0,1,0,0,0,0,0,0
304,767.2,0,0,1,0,0,0,0,0,0,0,0,0,0,0,0,0,0
303,767.37,0,0,0,0,0,1,0,0,0,0,0,0,0,0,0,0,0
302,767.42,0,0,0,0,0,0,1,0,0,0,0,0,0,0,0,0,0
37156,767.57,0,0,0,0,0,0,0,0,0,0,1,0,0,0,0,0,0
301,769.12,0,0,1,0,0,0,0,0,0,0,0,0,0,0,0,0,0
300,769.47,0,0,0,0,0,1,0,0,0,0,0,0,0,0,0,0,0
299,769.58,0,0,0,0,0,0,1,0,0,0,0,0,0,0,0,0,0
298,769.67,0,0,0,0,0,1,0,0,0,0,0,0,0,0,0,0,0
297,769.74,0,0,0,0,0,0,1,0,0,0,0,0,0,0,0,0,0
296,772.0,0,0,0,0,0,1,0,0,0,0,0,0,0,0,0,0,0
295,773.05,0,0,0,0,0,0,1,0,0,0,0,0,0,0,0,0,0
102,774.17,0,0,0,0,0,1,0,0,0,0,0,0,0,0,0,0,0
101,775.76,0,0,0,0,0,0,1,0,0,0,0,0,0,0,0,0,0
32570,776.21,0,0,0,0,0,0,1,0,0,0,0,0,0,0,0,0,0
33191,776.81,0,0,0,0,0,0,0,1,0,0,0,0,0,0,0,0,0
32569,779.34,0,0,0,0,1,0,0,0,0,0,0,0,0,0,0,0,0
32442,783.87,0,0,0,0,0,1,0,0,0,0,0,0,0,0,0,0,0
32441,784.55,0,0,0,0,0,0,1,0,0,0,0,0,0,0,0,0,0
32233,785.0,0,0,0,0,0,1,0,0,0,0,0,0,0,0,0,0,0
32232,786.22,0,0,0,0,0,0,1,0,0,0,0,0,0,0,0,0,0
32231,786.76,1,0,0,0,0,0,0,0,0,0,0,0,0,0,0,0,0
32230,789.39,0,0,0,0,0,0,0,1,0,0,0,0,0,0,0,0,0
32229,789.61,0,0,0,0,0,1,0,0,0,0,0,0,0,0,0,0,0
32228,789.73,0,0,0,0,0,0,1,0,0,0,0,0,0,0,0,0,0
32227,789.84,0,1,0,0,0,0,0,0,0,0,0,0,0,0,0,0,0
32226,789.87,0,0,0,0,0,0,1,0,0,0,0,0,0,0,0,0,0
32106,790.0,1,0,0,0,0,0,0,0,0,0,0,0,0,0,0,0,0
32105,790.09,0,0,0,0,0,0,0,1,0,0,0,0,0,0,0,0,0
32104,790.21,0,0,0,0,0,1,0,0,0,0,0,0,0,0,0,0,0
32103,790.82,0,0,0,0,0,0,1,0,0,0,0,0,0,0,0,0,0
32102,793.78,0,1,0,0,0,0,0,0,0,0,0,0,0,0,0,0,0
32101,794.8,0,0,0,0,0,0,1,0,0,0,0,0,0,0,0,0,0
31845,795.0,0,0,0,0,0,0,0,0,0,0,0,0,1,0,0,0,0
31844,796.4,0,0,0,0,0,0,0,0,0,0,0,0,1,0,0,0,0
31843,797.33,0,0,0,0,0,0,0,0,0,0,0,0,0,0,1,0,0
31842,800.54,0,0,0,0,0,0,0,0,0,0,0,0,0,0,1,0,0
31841,800.75,0,0,1,0,0,0,0,0,0,0,0,0,0,0,0,0,0
33301,801.0,0,0,0,0,0,0,0,0,0,0,1,0,0,0,0,0,0
31840,801.23,0,0,0,0,1,0,0,0,0,0,0,0,0,0,0,0,0
31839,802.05,0,0,1,0,0,0,0,0,0,0,0,0,0,0,0,0,0
33302,803.32,0,0,0,0,0,0,0,0,0,0,1,0,0,0,0,0,0
31838,803.66,0,0,0,0,1,0,0,0,0,0,0,0,0,0,0,0,0
31837,804.11,0,0,0,0,1,0,0,0,0,0,0,0,0,0,0,0,0
31836,804.34,0,0,0,0,1,0,0,0,0,0,0,0,0,0,0,0,0
31835,804.58,0,0,0,0,0,0,0,0,0,0,0,0,1,0,0,0,0
31834,804.85,0,0,0,0,0,1,0,0,0,0,0,0,0,0,0,0,0
31833,804.95,0,0,0,0,0,0,0,0,0,0,0,0,0,0,1,0,0
31832,806.62,0,0,0,0,0,0,0,1,0,0,0,0,0,0,0,0,0
31831,806.83,1,0,0,0,0,0,0,0,0,0,0,0,0,0,0,0,0
31830,806.96,1,0,0,0,0,0,0,0,0,0,0,0,0,0,0,0,0
31829,807.03,0,0,0,0,0,0,1,0,0,0,0,0,0,0,0,0,0
31828,807.16,0,0,0,0,0,1,0,0,0,0,0,0,0,0,0,0,0
31827,807.36,0,0,0,0,1,0,0,0,0,0,0,0,0,0,0,0,0
31826,807.48,0,0,1,0,0,0,0,0,0,0,0,0,0,0,0,0,0
31825,809.01,0,0,1,0,0,0,0,0,0,0,0,0,0,0,0,0,0
31574,809.27,0,0,0,0,0,0,1,0,0,0,0,0,0,0,0,0,0
31573,810.82,1,0,0,0,0,0,0,0,0,0,0,0,0,0,0,0,0
31572,813.61,0,0,0,0,0,0,0,1,0,0,0,0,0,0,0,0,0
31571,818.27,0,0,0,0,0,0,0,0,0,0,0,0,1,0,0,0,0
31383,822.31,0,0,0,0,0,0,1,0,0,0,0,0,0,0,0,0,0
31382,824.69,0,0,0,0,0,0,0,0,0,0,0,0,1,0,0,0,0
31381,825.03,0,0,0,0,0,0,0,1,0,0,0,0,0,0,0,0,0
31380,825.18,0,0,1,0,0,0,0,0,0,0,0,0,0,0,0,0,0
31379,825.39,0,0,0,0,0,0,0,0,0,0,0,0,1,0,0,0,0
31177,828.04,0,0,1,0,0,0,0,0,0,0,0,0,0,0,0,0,0
31176,828.1,0,0,0,0,0,0,0,0,0,0,0,0,1,0,0,0,0
31175,828.25,0,0,1,0,0,0,0,0,0,0,0,0,0,0,0,0,0
31174,829.17,1,0,0,0,0,0,0,0,0,0,0,0,0,0,0,0,0
31173,829.22,0,0,0,0,0,0,0,1,0,0,0,0,0,0,0,0,0
31172,829.65,0,0,0,0,0,1,0,0,0,0,0,0,0,0,0,0,0
31171,829.79,0,0,1,0,0,0,0,0,0,0,0,0,0,0,0,0,0
31170,829.87,0,0,1,0,0,0,0,0,0,0,0,0,0,0,0,0,0
31169,830.07,1,0,0,0,0,0,0,0,0,0,0,0,0,0,0,0,0
31168,830.54,1,0,0,0,0,0,0,0,0,0,0,0,0,0,0,0,0
31167,830.61,0,0,0,0,0,0,1,0,0,0,0,0,0,0,0,0,0
31166,830.79,0,0,0,0,0,1,0,0,0,0,0,0,0,0,0,0,0
31165,830.85,0,0,0,1,0,0,0,0,0,0,0,0,0,0,0,0,0
31164,830.88,1,0,0,0,0,0,0,0,0,0,0,0,0,0,0,0,0
31163,831.015,0,0,0,0,0,0,0,1,0,0,0,0,0,0,0,0,0
31162,831.49,0,0,0,1,0,0,0,0,0,0,0,0,0,0,0,0,0
31161,831.52,0,0,1,0,0,0,0,0,0,0,0,0,0,0,0,0,0
33385,831.62,0,0,0,0,0,0,0,0,0,0,1,0,0,0,0,0,0
31160,831.985,1,0,0,0,0,0,0,0,0,0,0,0,0,0,0,0,0
31159,832.64,1,0,0,0,0,0,0,0,0,0,0,0,0,0,0,0,0
31158,835.6,1,0,0,0,0,0,0,0,0,0,0,0,0,0,0,0,0
31157,835.76,0,0,0,0,0,0,0,1,0,0,0,0,0,0,0,0,0
33420,836.0,0,0,0,0,0,0,0,0,0,0,1,0,0,0,0,0,0
30981,836.1,1,0,0,0,0,0,0,0,0,0,0,0,0,0,0,0,0
30980,836.28,0,0,0,1,0,0,0,0,0,0,0,0,0,0,0,0,0
33421,836.55,0,0,0,0,0,0,0,0,0,0,1,0,0,0,0,0,0
30979,836.75,1,0,0,0,0,0,0,0,0,0,0,0,0,0,0,0,0
30978,836.85,1,0,0,0,0,0,0,0,0,0,0,0,0,0,0,0,0
30977,840.32,0,0,0,0,0,0,0,1,0,0,0,0,0,0,0,0,0
30679,847.47,0,0,0,0,0,0,1,0,0,0,0,0,0,0,0,0,0
30678,847.75,0,0,0,0,0,0,0,0,0,0,0,0,1,0,0,0,0
30525,848.0,0,0,0,0,0,0,0,0,0,0,0,0,1,0,0,0,0
30524,848.45,0,0,1,0,0,0,0,0,0,0,0,0,0,0,0,0,0
30523,848.54,0,0,1,0,0,0,0,0,0,0,0,0,0,0,0,0,0
30522,848.92,0,0,0,0,0,0,0,0,0,1,0,0,0,0,0,0,0
30521,852.79,0,0,0,0,0,0,0,0,0,1,0,0,0,0,0,0,0
30520,852.9,1,0,0,0,0,0,0,0,0,0,0,0,0,0,0,0,0
30398,853.04,0,0,1,0,0,0,0,0,0,0,0,0,0,0,0,0,0
33513,853.31,0,0,0,0,0,0,0,0,0,0,1,0,0,0,0,0,0
33514,853.72,1,0,0,0,0,0,0,0,0,0,0,0,0,0,0,0,0
30397,853.86,1,0,0,0,0,0,0,0,0,0,0,0,0,0,0,0,0
30396,854.38,0,0,0,0,0,0,0,1,0,0,0,0,0,0,0,0,0
30395,856.36,0,1,0,0,0,0,0,0,0,0,0,0,0,0,0,0,0
30394,857.67,0,0,0,0,0,1,0,0,0,0,0,0,0,0,0,0,0
30393,858.28,0,0,0,0,0,0,1,0,0,0,0,0,0,0,0,0,0
30392,858.45,0,0,1,0,0,0,0,0,0,0,0,0,0,0,0,0,0
30300,859.52,0,0,0,0,0,0,0,0,0,0,0,0,1,0,0,0,0
33533,859.825,0,0,0,0,1,0,0,0,0,0,0,0,0,0,0,0,0
33534,860.11,1,0,0,0,0,0,0,0,0,0,0,0,0,0,0,0,0
30299,860.44,1,0,0,0,0,0,0,0,0,0,0,0,0,0,0,0,0
30298,861.67,0,0,0,0,0,0,0,1,0,0,0,0,0,0,0,0,0
30297,866.23,0,1,0,0,0,0,0,0,0,0,0,0,0,0,0,0,0
30296,866.63,0,0,0,0,0,1,0,0,0,0,0,0,0,0,0,0,0
30295,866.71,0,0,0,0,0,0,1,0,0,0,0,0,0,0,0,0,0
33550,867.41,0,0,0,0,0,0,1,0,0,0,0,0,0,0,0,0,0
30157,868.37,0,0,0,0,0,0,0,0,0,1,0,0,0,0,0,0,0
33551,868.89,0,0,0,0,0,0,0,0,0,0,1,0,0,0,0,0,0
30156,872.63,0,0,0,0,0,1,0,0,0,0,0,0,0,0,0,0,0
30155,873.78,0,0,0,0,0,0,1,0,0,0,0,0,0,0,0,0,0
33552,874.45,1,0,0,0,0,0,0,0,0,0,0,0,0,0,0,0,0
30154,876.13,0,0,0,0,0,0,0,1,0,0,0,0,0,0,0,0,0
30153,878.5,0,0,0,0,0,0,0,1,0,0,0,0,0,0,0,0,0
29986,879.49,0,0,0,0,0,0,0,0,0,0,0,0,1,0,0,0,0
29985,880.04,0,0,1,0,0,0,0,0,0,0,0,0,0,0,0,0,0
29984,880.18,0,0,0,0,0,0,0,1,0,0,0,0,0,0,0,0,0
29983,880.5,0,0,1,0,0,0,0,0,0,0,0,0,0,0,0,0,0
29847,882.0,0,0,0,0,0,0,1,0,0,0,0,0,0,0,0,0,0
29846,882.16,0,0,0,0,0,0,0,1,0,0,0,0,0,0,0,0,0
29845,882.62,0,0,0,0,1,0,0,0,0,0,0,0,0,0,0,0,0
33597,883.375,0,0,0,0,0,0,0,0,0,0,1,0,0,0,0,0,0
29844,883.8,0,0,0,0,0,0,0,0,0,1,0,0,0,0,0,0,0
33598,883.99,0,0,0,0,0,0,0,0,0,0,1,0,0,0,0,0,0
29843,884.31,0,0,0,0,0,1,0,0,0,0,0,0,0,0,0,0,0
29842,884.61,0,0,0,0,0,0,1,0,0,0,0,0,0,0,0,0,0
29841,886.19,1,0,0,0,0,0,0,0,0,0,0,0,0,0,0,0,0
29840,886.72,0,1,0,0,0,0,0,0,0,0,0,0,0,0,0,0,0
29839,887.84,0,0,0,0,0,0,0,1,0,0,0,0,0,0,0,0,0
29838,888.19,0,1,0,0,0,0,0,0,0,0,0,0,0,0,0,0,0
29837,888.45,0,0,0,0,0,1,0,0,0,0,0,0,0,0,0,0,0
29836,888.52,0,0,0,0,0,0,1,0,0,0,0,0,0,0,0,0,0
33627,892.5,0,0,0,0,0,0,0,0,0,0,1,0,0,0,0,0,0
29683,892.63,0,0,1,0,0,0,0,0,0,0,0,0,0,0,0,0,0
29682,892.74,0,0,0,0,0,1,0,0,0,0,0,0,0,0,0,0,0
29681,892.78,0,0,0,0,0,0,1,0,0,0,0,0,0,0,0,0,0
29577,893.02,0,0,0,1,0,0,0,0,0,0,0,0,0,0,0,0,0
29576,893.09,1,0,0,0,0,0,0,0,0,0,0,0,0,0,0,0,0
29575,893.24,0,0,0,0,0,0,0,1,0,0,0,0,0,0,0,0,0
29574,893.45,1,0,0,0,0,0,0,0,0,0,0,0,0,0,0,0,0
29573,893.48,0,0,0,0,0,0,0,1,0,0,0,0,0,0,0,0,0
29572,893.78,0,0,0,1,0,0,0,0,0,0,0,0,0,0,0,0,0
29571,893.9,0,0,1,0,0,0,0,0,0,0,0,0,0,0,0,0,0
33639,894.36,0,0,0,0,0,0,0,0,0,0,1,0,0,0,0,0,0
29570,898.38,0,0,0,0,0,0,0,0,0,1,0,0,0,0,0,0,0
33640,898.79,0,0,0,0,0,0,0,0,0,0,1,0,0,0,0,0,0
29569,899.54,1,0,0,0,0,0,0,0,0,0,0,0,0,0,0,0,0
29568,900.9,0,0,0,0,0,0,1,0,0,0,0,0,0,0,0,0,0
29173,907.1,0,0,0,0,0,0,0,0,0,1,0,0,0,0,0,0,0
29172,907.3,0,0,0,0,0,1,0,0,0,0,0,0,0,0,0,0,0
29171,907.44,0,0,0,0,0,0,1,0,0,0,0,0,0,0,0,0,0
29170,907.92,0,0,0,1,0,0,0,0,0,0,0,0,0,0,0,0,0
29169,909.92,0,0,0,0,0,1,0,0,0,0,0,0,0,0,0,0,0
29011,911.17,0,0,0,0,0,1,0,0,0,0,0,0,0,0,0,0,0
29010,916.37,0,0,0,0,0,0,1,0,0,0,0,0,0,0,0,0,0
29009,916.84,0,0,0,0,0,1,0,0,0,0,0,0,0,0,0,0,0
29008,918.84,0,0,0,0,0,0,1,0,0,0,0,0,0,0,0,0,0
28876,922.81,1,0,0,0,0,0,0,0,0,0,0,0,0,0,0,0,0
28875,922.92,1,0,0,0,0,0,0,0,0,0,0,0,0,0,0,0,0
28874,923.1,0,0,0,0,0,0,0,1,0,0,0,0,0,0,0,0,0
28873,923.26,0,1,0,0,0,0,0,0,0,0,0,0,0,0,0,0,0
28872,923.35,1,0,0,0,0,0,0,0,0,0,0,0,0,0,0,0,0
28871,923.39,0,0,0,0,0,0,1,0,0,0,0,0,0,0,0,0,0
28726,924.08,0,0,0,0,0,0,1,0,0,0,0,0,0,0,0,0,0
28725,924.19,0,1,0,0,0,0,0,0,0,0,0,0,0,0,0,0,0
28724,924.36,0,0,1,0,0,0,0,0,0,0,0,0,0,0,0,0,0
28723,924.43,0,1,0,0,0,0,0,0,0,0,0,0,0,0,0,0,0
28722,926.68,0,0,0,0,0,1,0,0,0,0,0,0,0,0,0,0,0
28721,929.57,0,0,0,0,0,0,1,0,0,0,0,0,0,0,0,0,0
28720,929.73,1,0,0,0,0,0,0,0,0,0,0,0,0,0,0,0,0
28719,929.77,1,0,0,0,0,0,0,0,0,0,0,0,0,0,0,0,0
28718,930.12,0,0,0,0,0,0,0,1,0,0,0,0,0,0,0,0,0
28717,931.44,0,1,0,0,0,0,0,0,0,0,0,0,0,0,0,0,0
28716,931.52,0,0,0,0,0,1,0,0,0,0,0,0,0,0,0,0,0
28715,931.58,0,0,0,0,0,0,1,0,0,0,0,0,0,0,0,0,0
28714,931.88,0,0,0,0,0,0,0,0,0,0,0,0,1,0,0,0,0
28713,931.98,0,1,0,0,0,0,0,0,0,0,0,0,0,0,0,0,0
28712,932.05,0,0,0,0,0,1,0,0,0,0,0,0,0,0,0,0,0
28711,932.13,0,0,0,0,0,0,1,0,0,0,0,0,0,0,0,0,0
28710,933.81,1,0,0,0,0,0,0,0,0,0,0,0,0,0,0,0,0
28709,935.38,1,0,0,0,0,0,0,0,0,0,0,0,0,0,0,0,0
28708,935.49,0,0,0,0,0,0,0,1,0,0,0,0,0,0,0,0,0
28707,935.9,0,0,0,1,0,0,0,0,0,0,0,0,0,0,0,0,0
28706,935.93,0,0,1,0,0,0,0,0,0,0,0,0,0,0,0,0,0
28569,938.46,0,0,0,0,0,0,0,0,0,0,0,0,1,0,0,0,0
28380,939.0,0,0,0,0,0,1,0,0,0,0,0,0,0,0,0,0,0
28379,939.04,0,0,0,0,0,0,1,0,0,0,0,0,0,0,0,0,0
28378,939.17,0,0,0,0,1,0,0,0,0,0,0,0,0,0,0,0,0
33789,939.36,1,0,0,0,0,0,0,0,0,0,0,0,0,0,0,0,0
28377,939.45,0,0,0,0,0,0,0,1,0,0,0,0,0,0,0,0,0
28376,939.62,0,0,0,0,0,0,0,1,0,0,0,0,0,0,0,0,0
33790,940.28,1,0,0,0,0,0,0,0,0,0,0,0,0,0,0,0,0
28375,940.46,0,0,1,0,0,0,0,0,0,0,0,0,0,0,0,0,0
28374,940.49,0,0,0,0,0,0,0,1,0,0,0,0,0,0,0,0,0
28373,940.78,0,0,1,0,0,0,0,0,0,0,0,0,0,0,0,0,0
28372,941.02,0,1,0,0,0,0,0,0,0,0,0,0,0,0,0,0,0
28371,941.15,0,0,0,0,0,1,0,0,0,0,0,0,0,0,0,0,0
28370,941.26,0,0,0,0,0,0,1,0,0,0,0,0,0,0,0,0,0
33791,942.61,1,0,0,0,0,0,0,0,0,0,0,0,0,0,0,0,0
28369,942.75,0,0,1,0,0,0,0,0,0,0,0,0,0,0,0,0,0
28368,942.78,0,0,0,0,0,0,0,1,0,0,0,0,0,0,0,0,0
28367,942.97,0,0,1,0,0,0,0,0,0,0,0,0,0,0,0,0,0
28366,943.15,0,1,0,0,0,0,0,0,0,0,0,0,0,0,0,0,0
28365,943.27,0,0,0,0,0,1,0,0,0,0,0,0,0,0,0,0,0
28364,943.34,0,0,0,0,0,0,1,0,0,0,0,0,0,0,0,0,0
28363,944.07,0,0,0,0,0,0,0,0,0,0,0,0,1,0,0,0,0
28362,959.77,0,0,0,0,0,1,0,0,0,0,0,0,0,0,0,0,0
28361,959.84,0,0,0,0,0,0,1,0,0,0,0,0,0,0,0,0,0
33809,960.0,0,0,0,0,0,0,0,0,0,0,1,0,0,0,0,0,0
28180,960.12,0,0,0,0,0,1,0,0,0,0,0,0,0,0,0,0,0
28179,960.22,0,0,0,0,0,0,1,0,0,0,0,0,0,0,0,0,0
33819,964.14,0,0,0,0,0,0,0,0,0,0,1,0,0,0,0,0,0
28040,964.89,0,0,0,0,0,0,0,0,0,1,0,0,0,0,0,0,0
28039,966.49,1,0,0,0,0,0,0,0,0,0,0,0,0,0,0,0,0
28038,969.02,0,0,0,0,0,0,0,1,0,0,0,0,0,0,0,0,0
28037,969.65,0,0,1,0,0,0,0,0,0,0,0,0,0,0,0,0,0
28036,969.75,0,0,0,0,0,0,0,0,0,0,0,0,0,0,1,0,0
27879,970.0,0,0,0,0,0,0,0,0,0,1,0,0,0,0,0,0,0
27878,970.06,1,0,0,0,0,0,0,0,0,0,0,0,0,0,0,0,0
27877,970.15,0,0,0,0,0,0,0,0,0,0,1,0,0,0,0,0,0
27876,970.18,0,0,0,0,0,0,0,1,0,0,0,0,0,0,0,0,0
27875,970.38,0,0,0,0,0,1,0,0,0,0,0,0,0,0,0,0,0
27874,970.69,0,0,0,0,0,0,1,0,0,0,0,0,0,0,0,0,0
27873,970.76,0,0,0,0,0,0,0,0,0,1,0,0,0,0,0,0,0
27872,971.05,0,0,0,0,0,0,1,0,0,0,0,0,0,0,0,0,0
27871,971.39,1,0,0,0,0,0,0,0,0,0,0,0,0,0,0,0,0
27870,971.55,0,0,0,0,0,0,0,0,0,0,1,0,0,0,0,0,0
27869,971.61,0,0,0,0,0,0,0,1,0,0,0,0,0,0,0,0,0
27868,971.83,0,0,0,0,1,0,0,0,0,0,0,0,0,0,0,0,0
27867,971.99,0,0,0,0,0,1,0,0,0,0,0,0,0,0,0,0,0
27866,972.17,0,0,0,0,0,0,1,0,0,0,0,0,0,0,0,0,0
33833,972.36,1,0,0,0,0,0,0,0,0,0,0,0,0,0,0,0,0
27865,972.52,0,0,0,0,0,0,0,1,0,0,0,0,0,0,0,0,0
27864,972.705,0,0,0,0,0,0,0,1,0,0,0,0,0,0,0,0,0
27863,973.26,1,0,0,0,0,0,0,0,0,0,0,0,0,0,0,0,0
27862,973.3,1,0,0,0,0,0,0,0,0,0,0,0,0,0,0,0,0
27861,973.46,0,0,0,0,0,0,0,1,0,0,0,0,0,0,0,0,0
27860,973.81,0,0,0,0,0,0,0,0,0,1,0,0,0,0,0,0,0
27859,974.15,0,0,0,0,0,0,0,0,0,1,0,0,0,0,0,0,0
27858,974.58,1,0,0,0,0,0,0,0,0,0,0,0,0,0,0,0,0
27857,975.22,0,0,0,0,0,0,0,1,0,0,0,0,0,0,0,0,0
27856,975.28,0,0,0,0,0,0,0,1,0,0,0,0,0,0,0,0,0
27855,976.72,0,0,0,0,0,1,0,0,0,0,0,0,0,0,0,0,0
27854,976.78,0,0,0,0,0,0,1,0,0,0,0,0,0,0,0,0,0
27853,977.27,0,1,0,0,0,0,0,0,0,0,0,0,0,0,0,0,0
27852,977.32,0,0,0,0,0,0,1,0,0,0,0,0,0,0,0,0,0
27736,979.0,0,0,0,0,0,0,0,0,0,0,0,0,1,0,0,0,0
27735,979.18,0,0,0,1,0,0,0,0,0,0,0,0,0,0,0,0,0
27734,979.21,0,1,0,0,0,0,0,0,0,0,0,0,0,0,0,0,0
27733,979.49,1,0,0,0,0,0,0,0,0,0,0,0,0,0,0,0,0
27732,979.6,0,0,0,0,0,0,0,1,0,0,0,0,0,0,0,0,0
27731,979.99,0,0,0,0,0,1,0,0,0,0,0,0,0,0,0,0,0
27730,980.12,0,0,1,0,0,0,0,0,0,0,0,0,0,0,0,0,0
27729,980.3,0,0,0,0,0,0,1,0,0,0,0,0,0,0,0,0,0
27428,984.06,0,0,0,0,0,1,0,0,0,0,0,0,0,0,0,0,0
27427,984.33,0,0,0,0,0,0,1,0,0,0,0,0,0,0,0,0,0
27426,985.03,1,0,0,0,0,0,0,0,0,0,0,0,0,0,0,0,0
27425,985.07,0,0,0,0,0,0,0,1,0,0,0,0,0,0,0,0,0
27424,985.33,0,1,0,0,0,0,0,0,0,0,0,0,0,0,0,0,0
27423,985.49,0,0,0,0,0,0,1,0,0,0,0,0,0,0,0,0,0
27422,985.93,0,0,0,1,0,0,0,0,0,0,0,0,0,0,0,0,0
27421,986.98,0,0,0,0,0,1,0,0,0,0,0,0,0,0,0,0,0
27420,987.97,0,0,0,0,0,0,1,0,0,0,0,0,0,0,0,0,0
27419,992.39,1,0,0,0,0,0,0,0,0,0,0,0,0,0,0,0,0
27418,994.11,0,0,1,0,0,0,0,0,0,0,0,0,0,0,0,0,0
27417,994.14,0,0,0,0,0,0,0,1,0,0,0,0,0,0,0,0,0
27416,994.24,0,0,1,0,0,0,0,0,0,0,0,0,0,0,0,0,0
27415,994.38,0,0,0,0,0,1,0,0,0,0,0,0,0,0,0,0,0
27414,996.07,0,0,0,0,0,0,0,1,0,0,0,0,0,0,0,0,0
27217,997.32,0,0,0,0,0,0,0,0,1,0,0,0,0,0,0,0,0
27216,998.36,0,0,0,0,1,0,0,0,0,0,0,0,0,0,0,0,0
33891,1000.01,0,0,0,0,0,0,0,0,0,0,1,0,0,0,0,0,0
27215,1001.98,0,0,0,0,1,0,0,0,0,0,0,0,0,0,0,0,0
33892,1003.7,0,0,0,0,0,0,0,0,0,0,1,0,0,0,0,0,0
27214,1006.54,0,0,0,0,1,0,0,0,0,0,0,0,0,0,0,0,0
26932,1007.0,0,0,0,0,0,0,0,0,0,0,0,0,0,0,1,0,0
26931,1007.14,0,0,0,0,0,0,0,0,0,0,0,0,1,0,0,0,0
26930,1007.64,0,0,0,0,0,0,0,0,0,0,0,0,0,0,1,0,0
26929,1008.17,1,0,0,0,0,0,0,0,0,0,0,0,0,0,0,0,0
33920,1008.27,0,0,0,0,0,0,0,0,0,0,1,0,0,0,0,0,0
26928,1008.47,0,0,0,0,0,0,0,1,0,0,0,0,0,0,0,0,0
26927,1008.8,0,0,0,0,0,0,0,0,0,0,0,0,1,0,0,0,0
26926,1009.45,0,0,1,0,0,0,0,0,0,0,0,0,0,0,0,0,0
26925,1009.53,0,0,1,0,0,0,0,0,0,0,0,0,0,0,0,0,0
26924,1010.9,0,0,1,0,0,0,0,0,0,0,0,0,0,0,0,0,0
26923,1011.27,1,0,0,0,0,0,0,0,0,0,0,0,0,0,0,0,0
33921,1011.44,0,0,0,0,0,0,0,0,0,0,1,0,0,0,0,0,0
26922,1011.57,0,0,0,0,0,0,0,1,0,0,0,0,0,0,0,0,0
26921,1011.73,0,0,1,0,0,0,0,0,0,0,0,0,0,0,0,0,0
26680,1015.11,1,0,0,0,0,0,0,0,0,0,0,0,0,0,0,0,0
26679,1015.21,0,0,0,0,0,1,0,0,0,0,0,0,0,0,0,0,0
26678,1015.28,0,0,1,0,0,0,0,0,0,0,0,0,0,0,0,0,0
26677,1015.42,0,0,0,0,0,0,0,0,0,1,0,0,0,0,0,0,0
26676,1015.58,0,0,0,0,0,0,0,0,0,1,0,0,0,0,0,0,0
33956,1015.68,0,0,0,0,0,0,0,0,0,0,1,0,0,0,0,0,0
26675,1016.19,0,1,0,0,0,0,0,0,0,0,0,0,0,0,0,0,0
26674,1017.05,0,0,0,0,0,0,1,0,0,0,0,0,0,0,0,0,0
26673,1017.3,0,0,0,1,0,0,0,0,0,0,0,0,0,0,0,0,0
26672,1017.41,1,0,0,0,0,0,0,0,0,0,0,0,0,0,0,0,0
26671,1017.57,0,0,0,0,0,1,0,0,0,0,0,0,0,0,0,0,0
26670,1017.67,0,0,1,0,0,0,0,0,0,0,0,0,0,0,0,0,0
26669,1017.85,0,0,0,0,0,0,0,0,0,1,0,0,0,0,0,0,0
26668,1017.98,0,0,0,0,0,0,0,0,0,1,0,0,0,0,0,0,0
33957,1018.01,0,0,0,0,0,0,0,0,0,0,1,0,0,0,0,0,0
26667,1018.28,0,0,0,0,1,0,0,0,0,0,0,0,0,0,0,0,0
26359,1023.0,1,0,0,0,0,0,0,0,0,0,0,0,0,0,0,0,0
26358,1023.65,0,0,0,0,0,0,0,1,0,0,0,0,0,0,0,0,0
33988,1024.01,1,0,0,0,0,0,0,0,0,0,0,0,0,0,0,0,0
26357,1024.41,0,0,0,0,0,0,0,1,0,0,0,0,0,0,0,0,0
26356,1024.63,0,0,0,0,0,1,0,0,0,0,0,0,0,0,0,0,0
26355,1024.7,0,0,0,0,0,0,1,0,0,0,0,0,0,0,0,0,0
26354,1024.77,0,1,0,0,0,0,0,0,0,0,0,0,0,0,0,0,0
26353,1025.08,0,0,0,0,0,0,1,0,0,0,0,0,0,0,0,0,0
26352,1025.67,0,0,0,1,0,0,0,0,0,0,0,0,0,0,0,0,0
26351,1027.94,0,1,0,0,0,0,0,0,0,0,0,0,0,0,0,0,0
26350,1029.46,0,0,0,0,0,1,0,0,0,0,0,0,0,0,0,0,0
26349,1029.58,0,0,0,0,0,0,1,0,0,0,0,0,0,0,0,0,0
26228,1030.0,1,0,0,0,0,0,0,0,0,0,0,0,0,0,0,0,0
26227,1030.03,0,0,0,0,0,0,0,1,0,0,0,0,0,0,0,0,0
34005,1030.2,1,0,0,0,0,0,0,0,0,0,0,0,0,0,0,0,0
26226,1030.27,0,0,0,0,0,0,0,1,0,0,0,0,0,0,0,0,0
26225,1030.39,0,0,0,0,0,1,0,0,0,0,0,0,0,0,0,0,0
26224,1030.47,0,0,0,0,0,0,1,0,0,0,0,0,0,0,0,0,0
26223,1030.55,0,1,0,0,0,0,0,0,0,0,0,0,0,0,0,0,0
26222,1030.72,0,0,0,0,0,0,1,0,0,0,0,0,0,0,0,0,0
26221,1031.1,0,0,0,1,0,0,0,0,0,0,0,0,0,0,0,0,0
26220,1031.27,0,1,0,0,0,0,0,0,0,0,0,0,0,0,0,0,0
26219,1031.45,0,0,0,0,0,0,1,0,0,0,0,0,0,0,0,0,0
26051,1035.0,0,0,1,0,0,0,0,0,0,0,0,0,0,0,0,0,0
34021,1035.15,0,0,0,0,0,0,0,1,0,0,0,0,0,0,0,0,0
26050,1035.25,0,0,0,0,0,0,1,0,0,0,0,0,0,0,0,0,0
26049,1035.51,0,0,0,0,0,0,0,0,0,1,0,0,0,0,0,0,0
26048,1035.54,1,0,0,0,0,0,0,0,0,0,0,0,0,0,0,0,0
26047,1035.57,1,0,0,0,0,0,0,0,0,0,0,0,0,0,0,0,0
26046,1035.64,0,0,0,0,1,0,0,0,0,0,0,0,0,0,0,0,0
26045,1036.01,0,0,1,0,0,0,0,0,0,0,0,0,0,0,0,0,0
26044,1036.13,0,1,0,0,0,0,0,0,0,0,0,0,0,0,0,0,0
26043,1036.43,0,0,0,0,0,0,1,0,0,0,0,0,0,0,0,0,0
26042,1036.67,0,0,0,0,0,0,0,0,0,1,0,0,0,0,0,0,0
26041,1036.78,0,1,0,0,0,0,0,0,0,0,0,0,0,0,0,0,0
26040,1037.0,1,0,0,0,0,0,0,0,0,0,0,0,0,0,0,0,0
26039,1037.03,0,0,0,0,0,0,0,0,0,1,0,0,0,0,0,0,0
26038,1037.15,1,0,0,0,0,0,0,0,0,0,0,0,0,0,0,0,0
26037,1037.2,1,0,0,0,0,0,0,0,0,0,0,0,0,0,0,0,0
26036,1037.35,0,0,0,0,0,0,0,1,0,0,0,0,0,0,0,0,0
26035,1037.54,0,0,1,0,0,0,0,0,0,0,0,0,0,0,0,0,0
26034,1037.6,1,0,0,0,0,0,0,0,0,0,0,0,0,0,0,0,0
26033,1037.69,0,0,0,0,0,0,0,1,0,0,0,0,0,0,0,0,0
26032,1037.86,0,0,0,0,0,0,1,0,0,0,0,0,0,0,0,0,0
26031,1038.19,0,1,0,0,0,0,0,0,0,0,0,0,0,0,0,0,0
26030,1039.8,0,0,0,0,0,1,0,0,0,0,0,0,0,0,0,0,0
26029,1040.27,0,1,0,0,0,0,0,0,0,0,0,0,0,0,0,0,0
26028,1041.295,0,0,0,0,0,1,0,0,0,0,0,0,0,0,0,0,0
25793,1042.05,0,1,0,0,0,0,0,0,0,0,0,0,0,0,0,0,0
25792,1042.78,0,0,0,0,0,1,0,0,0,0,0,0,0,0,0,0,0
25791,1043.17,0,0,0,0,0,0,1,0,0,0,0,0,0,0,0,0,0
25790,1046.38,0,0,0,0,0,0,1,0,0,0,0,0,0,0,0,0,0
25549,1050.0,0,0,0,1,0,0,0,0,0,0,0,0,0,0,0,0,0
25548,1050.32,0,0,0,0,0,0,0,1,0,0,0,0,0,0,0,0,0
25547,1052.78,1,0,0,0,0,0,0,0,0,0,0,0,0,0,0,0,0
25546,1053.14,0,0,0,0,0,0,0,1,0,0,0,0,0,0,0,0,0
25545,1053.32,0,0,0,0,0,0,0,0,0,1,0,0,0,0,0,0,0
25544,1053.56,1,0,0,0,0,0,0,0,0,0,0,0,0,0,0,0,0
25543,1053.66,0,0,0,0,0,0,0,1,0,0,0,0,0,0,0,0,0
25542,1053.87,0,0,0,0,0,0,0,1,0,0,0,0,0,0,0,0,0
25541,1054.53,0,0,0,0,0,0,0,0,0,0,0,0,1,0,0,0,0
25540,1054.85,0,1,0,0,0,0,0,0,0,0,0,0,0,0,0,0,0
25539,1054.95,1,0,0,0,0,0,0,0,0,0,0,0,0,0,0,0,0
25538,1055.06,0,0,0,0,0,0,0,1,0,0,0,0,0,0,0,0,0
25537,1055.35,0,0,0,1,0,0,0,0,0,0,0,0,0,0,0,0,0
25536,1055.38,1,0,0,0,0,0,0,0,0,0,0,0,0,0,0,0,0
25535,1055.51,0,0,0,0,0,0,0,1,0,0,0,0,0,0,0,0,0
34058,1055.79,1,0,0,0,0,0,0,0,0,0,0,0,0,0,0,0,0
25534,1055.98,0,0,1,0,0,0,0,0,0,0,0,0,0,0,0,0,0
25533,1056.21,0,0,0,0,0,0,0,1,0,0,0,0,0,0,0,0,0
25532,1056.27,0,0,1,0,0,0,0,0,0,0,0,0,0,0,0,0,0
25531,1056.52,0,0,0,0,0,0,0,0,0,0,1,0,0,0,0,0,0
34059,1056.94,0,0,0,0,0,0,0,0,0,0,1,0,0,0,0,0,0
25530,1057.19,1,0,0,0,0,0,0,0,0,0,0,0,0,0,0,0,0
25529,1057.34,0,0,0,0,0,0,0,0,0,1,0,0,0,0,0,0,0
34060,1059.32,1,0,0,0,0,0,0,0,0,0,0,0,0,0,0,0,0
25528,1059.79,0,0,0,0,0,0,0,1,0,0,0,0,0,0,0,0,0
25527,1061.55,0,1,0,0,0,0,0,0,0,0,0,0,0,0,0,0,0
25526,1061.65,1,0,0,0,0,0,0,0,0,0,0,0,0,0,0,0,0
25351,1062.0,1,0,0,0,0,0,0,0,0,0,0,0,0,0,0,0,0
25350,1062.09,0,0,0,0,1,0,0,0,0,0,0,0,0,0,0,0,0
25349,1062.19,0,0,0,0,0,0,0,0,0,1,0,0,0,0,0,0,0
25348,1062.22,1,0,0,0,0,0,0,0,0,0,0,0,0,0,0,0,0
25347,1062.3,0,0,0,0,0,0,0,1,0,0,0,0,0,0,0,0,0
25346,1062.39,1,0,0,0,0,0,0,0,0,0,0,0,0,0,0,0,0
25345,1062.53,0,0,0,0,0,0,0,1,0,0,0,0,0,0,0,0,0
34103,1067.11,0,0,0,0,0,0,0,0,0,0,1,0,0,0,0,0,0
25089,1072.54,0,0,0,0,1,0,0,0,0,0,0,0,0,0,0,0,0
24915,1073.14,0,0,0,0,0,0,1,0,0,0,0,0,0,0,0,0,0
24914,1073.84,1,0,0,0,0,0,0,0,0,0,0,0,0,0,0,0,0
24913,1074.09,0,0,0,0,0,0,0,1,0,0,0,0,0,0,0,0,0
24912,1075.63,0,0,0,0,0,1,0,0,0,0,0,0,0,0,0,0,0
24911,1075.84,0,0,0,0,0,0,1,0,0,0,0,0,0,0,0,0,0
24910,1076.49,0,0,1,0,0,0,0,0,0,0,0,0,0,0,0,0,0
34122,1076.56,0,0,0,0,0,0,0,0,0,0,1,0,0,0,0,0,0
24909,1076.89,1,0,0,0,0,0,0,0,0,0,0,0,0,0,0,0,0
24811,1077.0,0,0,0,0,1,0,0,0,0,0,0,0,0,0,0,0,0
24810,1077.24,0,0,1,0,0,0,0,0,0,0,0,0,0,0,0,0,0
24809,1077.34,1,0,0,0,0,0,0,0,0,0,0,0,0,0,0,0,0
24808,1077.37,0,0,0,0,0,0,0,1,0,0,0,0,0,0,0,0,0
34130,1077.47,1,0,0,0,0,0,0,0,0,0,0,0,0,0,0,0,0
24807,1077.61,0,0,0,0,0,0,0,1,0,0,0,0,0,0,0,0,0
34131,1077.69,0,0,0,0,0,0,0,1,0,0,0,0,0,0,0,0,0
24806,1078.19,1,0,0,0,0,0,0,0,0,0,0,0,0,0,0,0,0
24805,1078.22,0,0,0,0,0,0,0,1,0,0,0,0,0,0,0,0,0
34132,1078.4,1,0,0,0,0,0,0,0,0,0,0,0,0,0,0,0,0
24804,1078.65,0,0,0,0,0,0,0,0,0,0,1,0,0,0,0,0,0
24803,1078.68,0,0,0,0,0,0,0,1,0,0,0,0,0,0,0,0,0
24802,1078.88,0,0,0,0,0,1,0,0,0,0,0,0,0,0,0,0,0
24801,1078.91,0,0,0,0,0,0,1,0,0,0,0,0,0,0,0,0,0
24800,1079.43,0,0,1,0,0,0,0,0,0,0,0,0,0,0,0,0,0
24799,1080.39,1,0,0,0,0,0,0,0,0,0,0,0,0,0,0,0,0
24798,1080.8,1,0,0,0,0,0,0,0,0,0,0,0,0,0,0,0,0
24797,1080.91,0,0,0,0,0,0,0,1,0,0,0,0,0,0,0,0,0
34133,1082.12,1,0,0,0,0,0,0,0,0,0,0,0,0,0,0,0,0
24796,1082.41,0,0,0,0,0,0,0,0,0,0,1,0,0,0,0,0,0
24795,1083.15,0,0,0,0,0,0,0,1,0,0,0,0,0,0,0,0,0
24794,1083.79,0,0,0,0,0,1,0,0,0,0,0,0,0,0,0,0,0
24793,1084.65,0,0,0,0,0,0,1,0,0,0,0,0,0,0,0,0,0
24792,1084.81,0,0,0,0,0,0,1,0,0,0,0,0,0,0,0,0,0
24791,1086.74,0,0,0,1,0,0,0,0,0,0,0,0,0,0,0,0,0
24790,1086.78,0,1,0,0,0,0,0,0,0,0,0,0,0,0,0,0,0
24789,1086.86,0,0,1,0,0,0,0,0,0,0,0,0,0,0,0,0,0
34134,1087.27,0,0,0,0,0,0,0,0,0,0,1,0,0,0,0,0,0
24788,1087.37,0,0,0,0,0,1,0,0,0,0,0,0,0,0,0,0,0
24787,1087.47,0,0,1,0,0,0,0,0,0,0,0,0,0,0,0,0,0
24786,1087.56,0,0,1,0,0,0,0,0,0,0,0,0,0,0,0,0,0
24785,1087.73,0,0,0,0,0,0,0,1,0,0,0,0,0,0,0,0,0
24784,1088.28,0,0,0,0,0,0,0,0,0,1,0,0,0,0,0,0,0
24783,1088.84,0,0,1,0,0,0,0,0,0,0,0,0,0,0,0,0,0
24782,1089.15,0,1,0,0,0,0,0,0,0,0,0,0,0,0,0,0,0
24781,1089.98,0,0,0,0,0,0,1,0,0,0,0,0,0,0,0,0,0
24780,1090.08,0,0,1,0,0,0,0,0,0,0,0,0,0,0,0,0,0
24779,1090.23,0,0,0,0,0,0,0,0,0,0,0,0,1,0,0,0,0
24778,1091.37,0,0,0,0,0,0,0,0,0,0,0,0,1,0,0,0,0
24777,1091.5,0,0,0,0,0,0,0,1,0,0,0,0,0,0,0,0,0
24776,1091.71,0,0,0,0,0,1,0,0,0,0,0,0,0,0,0,0,0
24775,1091.76,0,0,1,0,0,0,0,0,0,0,0,0,0,0,0,0,0
24774,1091.88,0,1,0,0,0,0,0,0,0,0,0,0,0,0,0,0,0
24773,1091.91,0,0,0,0,0,0,0,1,0,0,0,0,0,0,0,0,0
24772,1092.09,0,0,0,0,0,0,1,0,0,0,0,0,0,0,0,0,0
24771,1093.85,0,0,1,0,0,0,0,0,0,0,0,0,0,0,0,0,0
24490,1099.42,0,0,0,0,0,0,0,0,0,0,0,0,1,0,0,0,0
34153,1099.75,0,0,0,0,0,0,0,0,0,0,1,0,0,0,0,0,0
24489,1099.83,0,0,0,0,1,0,0,0,0,0,0,0,0,0,0,0,0
24488,1100.37,0,0,0,0,1,0,0,0,0,0,0,0,0,0,0,0,0
24487,1100.71,0,0,0,0,0,0,0,1,0,0,0,0,0,0,0,0,0
34154,1101.01,0,0,0,0,0,0,0,0,0,0,1,0,0,0,0,0,0
34155,1101.14,1,0,0,0,0,0,0,0,0,0,0,0,0,0,0,0,0
24486,1101.28,0,0,0,0,0,0,0,0,0,0,1,0,0,0,0,0,0
0,1444.96,0,0,0,0,0,0,0,0,0,0,0,0,0,0,0,0,0
